-- MySQL dump 10.13  Distrib 5.7.17, for macos10.12 (x86_64)
--
-- Host: localhost    Database: search_tabulation_system
-- ------------------------------------------------------
-- Server version	5.7.17

/*!40101 SET @OLD_CHARACTER_SET_CLIENT=@@CHARACTER_SET_CLIENT */;
/*!40101 SET @OLD_CHARACTER_SET_RESULTS=@@CHARACTER_SET_RESULTS */;
/*!40101 SET @OLD_COLLATION_CONNECTION=@@COLLATION_CONNECTION */;
/*!40101 SET NAMES utf8 */;
/*!40103 SET @OLD_TIME_ZONE=@@TIME_ZONE */;
/*!40103 SET TIME_ZONE='+00:00' */;
/*!40014 SET @OLD_UNIQUE_CHECKS=@@UNIQUE_CHECKS, UNIQUE_CHECKS=0 */;
/*!40014 SET @OLD_FOREIGN_KEY_CHECKS=@@FOREIGN_KEY_CHECKS, FOREIGN_KEY_CHECKS=0 */;
/*!40101 SET @OLD_SQL_MODE=@@SQL_MODE, SQL_MODE='NO_AUTO_VALUE_ON_ZERO' */;
/*!40111 SET @OLD_SQL_NOTES=@@SQL_NOTES, SQL_NOTES=0 */;

--
-- Table structure for table `candidates`
--

DROP TABLE IF EXISTS `candidates`;
/*!40101 SET @saved_cs_client     = @@character_set_client */;
/*!40101 SET character_set_client = utf8 */;
CREATE TABLE `candidates` (
  `id` int(10) unsigned NOT NULL AUTO_INCREMENT,
  `image_url` varchar(191) COLLATE utf8mb4_unicode_ci NOT NULL,
  `first_name` varchar(191) COLLATE utf8mb4_unicode_ci NOT NULL,
  `last_name` varchar(191) COLLATE utf8mb4_unicode_ci NOT NULL,
  `middle_name` varchar(191) COLLATE utf8mb4_unicode_ci NOT NULL,
  `contact_number` varchar(191) COLLATE utf8mb4_unicode_ci NOT NULL,
  `age` int(11) NOT NULL,
  `address` varchar(191) COLLATE utf8mb4_unicode_ci NOT NULL,
  `vital_statistics` varchar(191) COLLATE utf8mb4_unicode_ci NOT NULL,
  `created_at` timestamp NULL DEFAULT NULL,
  `updated_at` timestamp NULL DEFAULT NULL,
  `candidate_number` int(11) NOT NULL,
  PRIMARY KEY (`id`)
) ENGINE=InnoDB AUTO_INCREMENT=21 DEFAULT CHARSET=utf8mb4 COLLATE=utf8mb4_unicode_ci;
/*!40101 SET character_set_client = @saved_cs_client */;

--
-- Dumping data for table `candidates`
--

LOCK TABLES `candidates` WRITE;
/*!40000 ALTER TABLE `candidates` DISABLE KEYS */;
INSERT INTO `candidates` VALUES (2,'1540784502.jpg','Jan Gilou','Maquilang','Baluran','09564114308',20,'Poblacion Sur','32-32-32','2018-10-27 00:15:06','2018-10-28 21:22:19',2),(3,'1540784493.jpg','Karen','Talili','Aying','09564114308',27,'Poblacion Vieja','32-32-32','2018-10-27 07:57:39','2018-10-28 19:43:31',1),(5,'1540784809.jpg','Mary Rose','Carlom','A','ecf',4,'UPPER CABACNITAN','345346','2018-10-28 19:46:49','2018-10-28 19:46:49',3),(6,'1540784907.jpg','Marielle Krizia','Mira','sdf','sdfsdfsdf',3,'ROSARIOHAN','sdfsdfsdf','2018-10-28 19:48:27','2018-10-28 19:48:27',4),(7,'1540784974.jpg','Rica Joy','Canda','asdsadf','23435',345,'QUEZON','345','2018-10-28 19:49:34','2018-10-28 19:49:34',5),(8,'1540785046.jpg','Alliah Ann','Evangelista','erewt','345',6,'ALOJA','67567','2018-10-28 19:50:46','2018-10-28 19:50:46',6),(9,'1540785113.jpg','Karen','Digamon','sdgfsdg','34',234,'QUEZON HIGHSCHOOL','34543','2018-10-28 19:51:53','2018-10-28 19:51:53',7),(10,'1540785189.jpg','Irish','Buñao','sdf','234',34,'CAMBACAY','345','2018-10-28 19:53:09','2018-10-28 19:53:09',8),(11,'1540785256.jpg','Jg Allyssa May','Cagol','dfd','4',3,'POBLACION NORTE','4','2018-10-28 19:54:16','2018-10-28 19:54:16',9),(12,'1540785324.jpg','Shane','Cadao','sd','3',3,'RIZAL HIGHSCHOOL','3','2018-10-28 19:55:24','2018-10-28 19:55:24',10),(13,'1540785388.jpg','Yobelle','Buaya','dfg','2',1,'JANLUD','2','2018-10-28 19:56:28','2018-10-28 19:56:28',11),(14,'1540785446.jpg','Aira Christyl','Pacatang','a','3',3,'GARCIA','3','2018-10-28 19:57:26','2018-10-28 19:57:26',12),(15,'1540785507.jpg','Therese Viel','Lumay','A','2',2,'CANTIGDAS','2','2018-10-28 19:58:27','2018-10-28 19:58:27',13),(16,'1540785581.jpg','Bebie Rosary','Pajo','d','3',3,'SAINT ANTHONY ACADEMY','3','2018-10-28 19:59:41','2018-10-28 19:59:41',14),(17,'1540785659.jpg','Jeralyn','Sagpang','a','3',3,'BATUAN NATIONAL HIGHSCHOOL','3','2018-10-28 20:00:59','2018-10-28 20:00:59',15),(18,'1540785720.jpg','Judy Ann','Mejias','D','4',2,'BEHIND THE CLOUDS','2','2018-10-28 20:02:00','2018-10-28 20:02:00',16),(19,'1540785770.jpg','Joan','Taculod','ew','4',4,'QUIRINO','4','2018-10-28 20:02:50','2018-10-28 20:02:50',17),(20,'1540785841.jpg','Klyce','Orail','f','3',2,'STA. CRUZ','4','2018-10-28 20:04:01','2018-10-28 20:04:01',18);
/*!40000 ALTER TABLE `candidates` ENABLE KEYS */;
UNLOCK TABLES;

--
-- Table structure for table `categories`
--

DROP TABLE IF EXISTS `categories`;
/*!40101 SET @saved_cs_client     = @@character_set_client */;
/*!40101 SET character_set_client = utf8 */;
CREATE TABLE `categories` (
  `id` int(10) unsigned NOT NULL AUTO_INCREMENT,
  `name` varchar(255) COLLATE utf8mb4_unicode_ci NOT NULL,
  `weight` double(8,2) NOT NULL,
  `created_at` timestamp NULL DEFAULT NULL,
  `updated_at` timestamp NULL DEFAULT NULL,
  PRIMARY KEY (`id`)
) ENGINE=InnoDB AUTO_INCREMENT=5 DEFAULT CHARSET=utf8mb4 COLLATE=utf8mb4_unicode_ci;
/*!40101 SET character_set_client = @saved_cs_client */;

--
-- Dumping data for table `categories`
--

LOCK TABLES `categories` WRITE;
/*!40000 ALTER TABLE `categories` DISABLE KEYS */;
INSERT INTO `categories` VALUES (1,'Swim Wear',20.00,'2018-09-30 23:28:06','2018-10-30 04:56:08'),(3,'Evening Gown',20.00,'2018-10-26 02:43:59','2018-10-30 04:56:16'),(4,'Question and Answer',20.00,'2018-10-26 03:12:27','2018-10-30 04:56:26');
/*!40000 ALTER TABLE `categories` ENABLE KEYS */;
UNLOCK TABLES;

--
-- Table structure for table `category_judge_criteria_weights`
--

DROP TABLE IF EXISTS `category_judge_criteria_weights`;
/*!40101 SET @saved_cs_client     = @@character_set_client */;
/*!40101 SET character_set_client = utf8 */;
CREATE TABLE `category_judge_criteria_weights` (
  `id` int(10) unsigned NOT NULL AUTO_INCREMENT,
  `category_id` int(10) unsigned NOT NULL,
  `user_id` int(10) unsigned NOT NULL,
  `candidate_id` int(10) unsigned NOT NULL,
  `criteria_id` int(10) unsigned NOT NULL,
  `weight` int(11) NOT NULL,
  `created_at` timestamp NULL DEFAULT NULL,
  `updated_at` timestamp NULL DEFAULT NULL,
  PRIMARY KEY (`id`),
  KEY `category_judge_criteria_weights_category_id_foreign` (`category_id`),
  KEY `category_judge_criteria_weights_user_id_foreign` (`user_id`),
  KEY `category_judge_criteria_weights_candidate_id_foreign` (`candidate_id`),
  KEY `category_judge_criteria_weights_criteria_id_foreign` (`criteria_id`),
  CONSTRAINT `category_judge_criteria_weights_candidate_id_foreign` FOREIGN KEY (`candidate_id`) REFERENCES `candidates` (`id`),
  CONSTRAINT `category_judge_criteria_weights_category_id_foreign` FOREIGN KEY (`category_id`) REFERENCES `categories` (`id`),
  CONSTRAINT `category_judge_criteria_weights_criteria_id_foreign` FOREIGN KEY (`criteria_id`) REFERENCES `criteria` (`id`),
  CONSTRAINT `category_judge_criteria_weights_user_id_foreign` FOREIGN KEY (`user_id`) REFERENCES `users` (`id`)
) ENGINE=InnoDB AUTO_INCREMENT=823 DEFAULT CHARSET=utf8mb4 COLLATE=utf8mb4_unicode_ci;
/*!40101 SET character_set_client = @saved_cs_client */;

--
-- Dumping data for table `category_judge_criteria_weights`
--

LOCK TABLES `category_judge_criteria_weights` WRITE;
/*!40000 ALTER TABLE `category_judge_criteria_weights` DISABLE KEYS */;
INSERT INTO `category_judge_criteria_weights` VALUES (1,1,12,3,7,15,'2018-10-30 05:25:23','2018-10-30 05:25:23'),(2,1,12,3,8,10,'2018-10-30 05:25:23','2018-10-30 05:25:23'),(3,1,12,3,9,20,'2018-10-30 05:25:23','2018-10-30 05:25:23'),(4,1,12,3,12,10,'2018-10-30 05:25:23','2018-10-30 05:25:23'),(5,1,10,3,7,16,'2018-10-30 05:25:36','2018-10-30 05:25:36'),(6,1,10,3,8,30,'2018-10-30 05:25:36','2018-10-30 05:25:36'),(7,1,10,3,9,20,'2018-10-30 05:25:36','2018-10-30 05:25:36'),(8,1,10,3,12,6,'2018-10-30 05:25:36','2018-10-30 05:25:36'),(9,1,10,2,7,14,'2018-10-30 05:26:52','2018-10-30 05:26:52'),(10,1,10,2,8,35,'2018-10-30 05:26:52','2018-10-30 05:26:52'),(11,1,10,2,9,20,'2018-10-30 05:26:52','2018-10-30 05:26:52'),(12,1,10,2,12,4,'2018-10-30 05:26:52','2018-10-30 05:26:52'),(13,1,9,3,7,20,'2018-10-30 05:34:13','2018-10-30 05:34:13'),(14,1,9,3,8,40,'2018-10-30 05:34:13','2018-10-30 05:34:13'),(15,1,9,3,9,30,'2018-10-30 05:34:13','2018-10-30 05:34:13'),(16,1,9,3,12,2,'2018-10-30 05:34:13','2018-10-30 05:34:13'),(17,1,9,2,7,20,'2018-10-30 05:34:50','2018-10-30 05:34:50'),(18,1,9,2,8,40,'2018-10-30 05:34:50','2018-10-30 05:34:50'),(19,1,9,2,9,30,'2018-10-30 05:34:50','2018-10-30 05:34:50'),(20,1,9,2,12,2,'2018-10-30 05:34:50','2018-10-30 05:34:50'),(21,1,13,3,7,10,'2018-10-30 05:35:02','2018-10-30 05:35:02'),(22,1,13,3,8,25,'2018-10-30 05:35:02','2018-10-30 05:35:02'),(23,1,13,3,9,20,'2018-10-30 05:35:02','2018-10-30 05:35:02'),(24,1,13,3,12,8,'2018-10-30 05:35:02','2018-10-30 05:35:02'),(25,1,9,5,7,20,'2018-10-30 05:35:11','2018-10-30 05:35:11'),(26,1,9,5,8,40,'2018-10-30 05:35:11','2018-10-30 05:35:11'),(27,1,9,5,9,29,'2018-10-30 05:35:11','2018-10-30 05:35:11'),(28,1,9,5,12,0,'2018-10-30 05:35:11','2018-10-30 05:35:11'),(29,1,13,2,7,12,'2018-10-30 05:35:25','2018-10-30 05:35:25'),(30,1,13,2,8,25,'2018-10-30 05:35:25','2018-10-30 05:35:25'),(31,1,13,2,9,25,'2018-10-30 05:35:25','2018-10-30 05:35:25'),(32,1,13,2,12,8,'2018-10-30 05:35:25','2018-10-30 05:35:25'),(33,1,9,6,7,20,'2018-10-30 05:35:34','2018-10-30 05:35:34'),(34,1,9,6,8,40,'2018-10-30 05:35:34','2018-10-30 05:35:34'),(35,1,9,6,9,27,'2018-10-30 05:35:34','2018-10-30 05:35:34'),(36,1,9,6,12,0,'2018-10-30 05:35:34','2018-10-30 05:35:34'),(37,1,10,5,7,14,'2018-10-30 05:35:46','2018-10-30 05:35:46'),(38,1,10,5,8,30,'2018-10-30 05:35:46','2018-10-30 05:35:46'),(39,1,10,5,9,20,'2018-10-30 05:35:46','2018-10-30 05:35:46'),(40,1,10,5,12,6,'2018-10-30 05:35:46','2018-10-30 05:35:46'),(41,1,13,5,7,15,'2018-10-30 05:35:48','2018-10-30 05:35:48'),(42,1,13,5,8,20,'2018-10-30 05:35:48','2018-10-30 05:35:48'),(43,1,13,5,9,20,'2018-10-30 05:35:48','2018-10-30 05:35:48'),(44,1,13,5,12,5,'2018-10-30 05:35:48','2018-10-30 05:35:48'),(45,1,9,7,7,20,'2018-10-30 05:36:03','2018-10-30 05:36:03'),(46,1,9,7,8,40,'2018-10-30 05:36:03','2018-10-30 05:36:03'),(47,1,9,7,9,29,'2018-10-30 05:36:03','2018-10-30 05:36:03'),(48,1,9,7,12,0,'2018-10-30 05:36:03','2018-10-30 05:36:03'),(49,1,2,3,7,20,'2018-10-30 05:36:21','2018-10-30 05:54:16'),(50,1,2,3,8,20,'2018-10-30 05:36:21','2018-10-30 05:54:16'),(51,1,2,3,9,20,'2018-10-30 05:36:21','2018-10-30 05:54:31'),(52,1,2,3,12,10,'2018-10-30 05:36:21','2018-10-30 05:54:31'),(53,1,13,6,7,12,'2018-10-30 05:36:23','2018-10-30 05:36:23'),(54,1,13,6,8,23,'2018-10-30 05:36:23','2018-10-30 05:36:23'),(55,1,13,6,9,15,'2018-10-30 05:36:23','2018-10-30 05:36:23'),(56,1,13,6,12,6,'2018-10-30 05:36:23','2018-10-30 05:36:23'),(57,1,10,6,7,13,'2018-10-30 05:36:33','2018-10-30 05:36:33'),(58,1,10,6,8,30,'2018-10-30 05:36:33','2018-10-30 05:36:33'),(59,1,10,6,9,21,'2018-10-30 05:36:33','2018-10-30 05:36:33'),(60,1,10,6,12,5,'2018-10-30 05:36:33','2018-10-30 05:36:33'),(61,1,9,9,7,20,'2018-10-30 05:36:48','2018-10-30 05:36:48'),(62,1,9,9,8,40,'2018-10-30 05:36:48','2018-10-30 05:36:48'),(63,1,9,9,9,29,'2018-10-30 05:36:48','2018-10-30 05:36:48'),(64,1,9,9,12,0,'2018-10-30 05:36:48','2018-10-30 05:36:48'),(65,1,2,2,7,20,'2018-10-30 05:37:00','2018-10-30 05:55:11'),(66,1,2,2,8,40,'2018-10-30 05:37:00','2018-10-30 05:55:11'),(67,1,2,2,9,15,'2018-10-30 05:37:00','2018-10-30 05:55:11'),(68,1,2,2,12,0,'2018-10-30 05:37:00','2018-10-30 05:55:11'),(69,1,13,7,7,10,'2018-10-30 05:37:02','2018-10-30 05:37:02'),(70,1,13,7,8,22,'2018-10-30 05:37:02','2018-10-30 05:37:02'),(71,1,13,7,9,23,'2018-10-30 05:37:02','2018-10-30 05:37:02'),(72,1,13,7,12,8,'2018-10-30 05:37:02','2018-10-30 05:37:02'),(73,1,10,7,7,14,'2018-10-30 05:37:32','2018-10-30 05:37:32'),(74,1,10,7,8,30,'2018-10-30 05:37:32','2018-10-30 05:37:32'),(75,1,10,7,9,20,'2018-10-30 05:37:32','2018-10-30 05:37:32'),(76,1,10,7,12,5,'2018-10-30 05:37:32','2018-10-30 05:37:32'),(77,1,13,8,7,12,'2018-10-30 05:37:41','2018-10-30 05:37:41'),(78,1,13,8,8,20,'2018-10-30 05:37:41','2018-10-30 05:37:41'),(79,1,13,8,9,25,'2018-10-30 05:37:41','2018-10-30 05:37:41'),(80,1,13,8,12,8,'2018-10-30 05:37:41','2018-10-30 05:37:41'),(81,1,9,8,7,20,'2018-10-30 05:37:58','2018-10-30 05:37:58'),(82,1,9,8,8,40,'2018-10-30 05:37:58','2018-10-30 05:37:58'),(83,1,9,8,9,30,'2018-10-30 05:37:58','2018-10-30 05:37:58'),(84,1,9,8,12,0,'2018-10-30 05:37:58','2018-10-30 05:37:58'),(85,1,2,5,7,20,'2018-10-30 05:38:22','2018-10-30 05:55:40'),(86,1,2,5,8,40,'2018-10-30 05:38:22','2018-10-30 05:55:40'),(87,1,2,5,9,10,'2018-10-30 05:38:22','2018-10-30 05:38:22'),(88,1,2,5,12,6,'2018-10-30 05:38:22','2018-10-30 05:55:40'),(89,1,13,9,7,13,'2018-10-30 05:38:50','2018-10-30 05:38:50'),(90,1,13,9,8,22,'2018-10-30 05:38:50','2018-10-30 05:38:50'),(91,1,13,9,9,20,'2018-10-30 05:38:50','2018-10-30 05:38:50'),(92,1,13,9,12,8,'2018-10-30 05:38:50','2018-10-30 05:38:50'),(93,1,10,8,7,16,'2018-10-30 05:39:04','2018-10-30 05:39:04'),(94,1,10,8,8,31,'2018-10-30 05:39:04','2018-10-30 05:39:04'),(95,1,10,8,9,22,'2018-10-30 05:39:04','2018-10-30 05:39:04'),(96,1,10,8,12,5,'2018-10-30 05:39:04','2018-10-30 05:39:04'),(97,1,14,3,7,18,'2018-10-30 05:39:05','2018-10-30 05:39:05'),(98,1,14,3,8,36,'2018-10-30 05:39:05','2018-10-30 05:39:05'),(99,1,14,3,9,26,'2018-10-30 05:39:05','2018-10-30 05:39:05'),(100,1,14,3,12,7,'2018-10-30 05:39:05','2018-10-30 05:39:05'),(101,1,11,3,7,12,'2018-10-30 05:39:06','2018-10-30 05:39:06'),(102,1,11,3,8,30,'2018-10-30 05:39:06','2018-10-30 05:39:06'),(103,1,11,3,9,23,'2018-10-30 05:39:06','2018-10-30 05:39:06'),(104,1,11,3,12,5,'2018-10-30 05:39:06','2018-10-30 05:39:06'),(105,1,9,10,7,20,'2018-10-30 05:39:13','2018-10-30 05:39:13'),(106,1,9,10,8,40,'2018-10-30 05:39:13','2018-10-30 05:39:13'),(107,1,9,10,9,30,'2018-10-30 05:39:13','2018-10-30 05:39:13'),(108,1,9,10,12,0,'2018-10-30 05:39:13','2018-10-30 05:39:13'),(109,1,13,10,7,14,'2018-10-30 05:39:31','2018-10-30 05:39:31'),(110,1,13,10,8,23,'2018-10-30 05:39:31','2018-10-30 05:39:31'),(111,1,13,10,9,23,'2018-10-30 05:39:31','2018-10-30 05:39:31'),(112,1,13,10,12,5,'2018-10-30 05:39:31','2018-10-30 05:39:31'),(113,1,9,20,7,20,'2018-10-30 05:40:05','2018-10-30 05:40:05'),(114,1,9,20,8,40,'2018-10-30 05:40:05','2018-10-30 05:40:05'),(115,1,9,20,9,30,'2018-10-30 05:40:05','2018-10-30 05:40:05'),(116,1,9,20,12,0,'2018-10-30 05:40:05','2018-10-30 05:40:05'),(117,1,11,2,7,14,'2018-10-30 05:40:31','2018-10-30 05:40:31'),(118,1,11,2,8,35,'2018-10-30 05:40:31','2018-10-30 05:40:31'),(119,1,11,2,9,25,'2018-10-30 05:40:31','2018-10-30 05:40:31'),(120,1,11,2,12,7,'2018-10-30 05:40:31','2018-10-30 05:40:31'),(121,1,13,11,7,15,'2018-10-30 05:40:32','2018-10-30 05:40:32'),(122,1,13,11,8,24,'2018-10-30 05:40:32','2018-10-30 05:40:32'),(123,1,13,11,9,22,'2018-10-30 05:40:32','2018-10-30 05:40:32'),(124,1,13,11,12,8,'2018-10-30 05:40:32','2018-10-30 05:40:32'),(125,1,9,19,7,20,'2018-10-30 05:40:37','2018-10-30 05:40:37'),(126,1,9,19,8,40,'2018-10-30 05:40:37','2018-10-30 05:40:37'),(127,1,9,19,9,29,'2018-10-30 05:40:37','2018-10-30 05:40:37'),(128,1,9,19,12,0,'2018-10-30 05:40:37','2018-10-30 05:40:37'),(129,1,10,10,7,15,'2018-10-30 05:40:56','2018-10-30 05:40:56'),(130,1,10,10,8,31,'2018-10-30 05:40:56','2018-10-30 05:40:56'),(131,1,10,10,9,20,'2018-10-30 05:40:56','2018-10-30 05:40:56'),(132,1,10,10,12,5,'2018-10-30 05:40:56','2018-10-30 05:40:56'),(133,1,14,2,7,16,'2018-10-30 05:41:05','2018-10-30 05:41:05'),(134,1,14,2,8,34,'2018-10-30 05:41:05','2018-10-30 05:41:05'),(135,1,14,2,9,25,'2018-10-30 05:41:05','2018-10-30 05:41:05'),(136,1,14,2,12,6,'2018-10-30 05:41:05','2018-10-30 05:41:05'),(137,1,2,6,7,20,'2018-10-30 05:41:36','2018-10-30 05:56:01'),(138,1,2,6,8,40,'2018-10-30 05:41:36','2018-10-30 05:56:01'),(139,1,2,6,9,20,'2018-10-30 05:41:36','2018-10-30 05:56:01'),(140,1,2,6,12,0,'2018-10-30 05:41:36','2018-10-30 05:56:01'),(141,1,14,5,7,17,'2018-10-30 05:42:01','2018-10-30 05:42:01'),(142,1,14,5,8,35,'2018-10-30 05:42:01','2018-10-30 05:42:01'),(143,1,14,5,9,25,'2018-10-30 05:42:01','2018-10-30 05:42:01'),(144,1,14,5,12,6,'2018-10-30 05:42:01','2018-10-30 05:42:01'),(145,1,13,12,7,12,'2018-10-30 05:42:12','2018-10-30 05:42:12'),(146,1,13,12,8,23,'2018-10-30 05:42:12','2018-10-30 05:42:12'),(147,1,13,12,9,27,'2018-10-30 05:42:12','2018-10-30 05:42:12'),(148,1,13,12,12,9,'2018-10-30 05:42:12','2018-10-30 05:42:12'),(149,1,9,18,7,20,'2018-10-30 05:42:42','2018-10-30 05:42:42'),(150,1,9,18,8,40,'2018-10-30 05:42:42','2018-10-30 05:42:42'),(151,1,9,18,9,27,'2018-10-30 05:42:42','2018-10-30 05:42:42'),(152,1,9,18,12,0,'2018-10-30 05:42:42','2018-10-30 05:42:42'),(153,1,14,6,7,16,'2018-10-30 05:42:53','2018-10-30 05:42:53'),(154,1,14,6,8,34,'2018-10-30 05:42:53','2018-10-30 05:42:53'),(155,1,14,6,9,25,'2018-10-30 05:42:53','2018-10-30 05:42:53'),(156,1,14,6,12,6,'2018-10-30 05:42:53','2018-10-30 05:42:53'),(157,1,10,11,7,18,'2018-10-30 05:43:07','2018-10-30 05:43:07'),(158,1,10,11,8,35,'2018-10-30 05:43:07','2018-10-30 05:43:07'),(159,1,10,11,9,26,'2018-10-30 05:43:07','2018-10-30 05:43:07'),(160,1,10,11,12,8,'2018-10-30 05:43:07','2018-10-30 05:43:07'),(161,1,2,7,7,20,'2018-10-30 05:43:17','2018-10-30 05:56:28'),(162,1,2,7,8,40,'2018-10-30 05:43:17','2018-10-30 05:56:28'),(163,1,2,7,9,10,'2018-10-30 05:43:17','2018-10-30 05:43:17'),(164,1,2,7,12,2,'2018-10-30 05:43:17','2018-10-30 05:56:28'),(165,1,9,17,7,20,'2018-10-30 05:43:29','2018-10-30 05:43:29'),(166,1,9,17,8,40,'2018-10-30 05:43:29','2018-10-30 05:43:29'),(167,1,9,17,9,30,'2018-10-30 05:43:29','2018-10-30 05:43:29'),(168,1,9,17,12,0,'2018-10-30 05:43:29','2018-10-30 05:43:29'),(169,1,13,13,7,10,'2018-10-30 05:43:29','2018-10-30 05:43:29'),(170,1,13,13,8,20,'2018-10-30 05:43:29','2018-10-30 05:43:29'),(171,1,13,13,9,25,'2018-10-30 05:43:29','2018-10-30 05:43:29'),(172,1,13,13,12,8,'2018-10-30 05:43:29','2018-10-30 05:43:29'),(173,1,11,5,7,13,'2018-10-30 05:43:33','2018-10-30 05:43:33'),(174,1,11,5,8,32,'2018-10-30 05:43:33','2018-10-30 05:43:33'),(175,1,11,5,9,23,'2018-10-30 05:43:33','2018-10-30 05:43:33'),(176,1,11,5,12,6,'2018-10-30 05:43:33','2018-10-30 05:43:33'),(177,1,14,7,7,16,'2018-10-30 05:43:40','2018-10-30 05:43:40'),(178,1,14,7,8,35,'2018-10-30 05:43:40','2018-10-30 05:43:40'),(179,1,14,7,9,25,'2018-10-30 05:43:40','2018-10-30 05:43:40'),(180,1,14,7,12,6,'2018-10-30 05:43:40','2018-10-30 05:43:40'),(181,1,12,2,7,15,'2018-10-30 05:43:41','2018-10-30 05:43:41'),(182,1,12,2,8,30,'2018-10-30 05:43:41','2018-10-30 05:43:41'),(183,1,12,2,9,20,'2018-10-30 05:43:41','2018-10-30 05:43:41'),(184,1,12,2,12,10,'2018-10-30 05:43:41','2018-10-30 05:43:41'),(185,1,10,12,7,17,'2018-10-30 05:44:17','2018-10-30 05:44:17'),(186,1,10,12,8,34,'2018-10-30 05:44:17','2018-10-30 05:44:17'),(187,1,10,12,9,25,'2018-10-30 05:44:17','2018-10-30 05:44:17'),(188,1,10,12,12,8,'2018-10-30 05:44:17','2018-10-30 05:44:17'),(189,1,2,8,7,20,'2018-10-30 05:44:20','2018-10-30 05:56:49'),(190,1,2,8,8,40,'2018-10-30 05:44:20','2018-10-30 05:56:49'),(191,1,2,8,9,9,'2018-10-30 05:44:20','2018-10-30 05:56:49'),(192,1,2,8,12,0,'2018-10-30 05:44:20','2018-10-30 05:56:49'),(193,1,14,8,7,16,'2018-10-30 05:44:25','2018-10-30 05:44:25'),(194,1,14,8,8,34,'2018-10-30 05:44:25','2018-10-30 05:44:25'),(195,1,14,8,9,25,'2018-10-30 05:44:25','2018-10-30 05:44:25'),(196,1,14,8,12,6,'2018-10-30 05:44:25','2018-10-30 05:44:25'),(197,1,12,5,7,10,'2018-10-30 05:44:41','2018-10-30 05:44:41'),(198,1,12,5,8,30,'2018-10-30 05:44:41','2018-10-30 05:44:41'),(199,1,12,5,9,20,'2018-10-30 05:44:41','2018-10-30 05:44:41'),(200,1,12,5,12,5,'2018-10-30 05:44:41','2018-10-30 05:44:41'),(201,1,13,14,7,13,'2018-10-30 05:44:53','2018-10-30 05:44:53'),(202,1,13,14,8,20,'2018-10-30 05:44:53','2018-10-30 05:44:53'),(203,1,13,14,9,20,'2018-10-30 05:44:53','2018-10-30 05:44:53'),(204,1,13,14,12,8,'2018-10-30 05:44:53','2018-10-30 05:44:53'),(205,1,9,16,7,20,'2018-10-30 05:45:00','2018-10-30 05:45:00'),(206,1,9,16,8,40,'2018-10-30 05:45:00','2018-10-30 05:45:00'),(207,1,9,16,9,30,'2018-10-30 05:45:00','2018-10-30 05:45:00'),(208,1,9,16,12,0,'2018-10-30 05:45:00','2018-10-30 05:45:00'),(209,1,12,6,7,15,'2018-10-30 05:45:35','2018-10-30 05:45:35'),(210,1,12,6,8,35,'2018-10-30 05:45:35','2018-10-30 05:45:35'),(211,1,12,6,9,20,'2018-10-30 05:45:35','2018-10-30 05:45:35'),(212,1,12,6,12,5,'2018-10-30 05:45:35','2018-10-30 05:45:35'),(213,1,14,9,7,16,'2018-10-30 05:45:41','2018-10-30 05:45:41'),(214,1,14,9,8,35,'2018-10-30 05:45:41','2018-10-30 05:45:41'),(215,1,14,9,9,25,'2018-10-30 05:45:41','2018-10-30 05:45:41'),(216,1,14,9,12,6,'2018-10-30 05:45:41','2018-10-30 05:45:41'),(217,1,13,15,7,15,'2018-10-30 05:46:00','2018-10-30 05:46:00'),(218,1,13,15,8,23,'2018-10-30 05:46:00','2018-10-30 05:46:00'),(219,1,13,15,9,22,'2018-10-30 05:46:00','2018-10-30 05:46:00'),(220,1,13,15,12,8,'2018-10-30 05:46:00','2018-10-30 05:46:00'),(221,1,10,13,7,11,'2018-10-30 05:46:07','2018-10-30 05:46:07'),(222,1,10,13,8,30,'2018-10-30 05:46:07','2018-10-30 05:46:07'),(223,1,10,13,9,20,'2018-10-30 05:46:07','2018-10-30 05:46:07'),(224,1,10,13,12,5,'2018-10-30 05:46:07','2018-10-30 05:46:07'),(225,1,9,15,7,20,'2018-10-30 05:46:23','2018-10-30 05:46:23'),(226,1,9,15,8,40,'2018-10-30 05:46:23','2018-10-30 05:46:23'),(227,1,9,15,9,27,'2018-10-30 05:46:23','2018-10-30 05:46:23'),(228,1,9,15,12,0,'2018-10-30 05:46:23','2018-10-30 05:46:23'),(229,1,14,10,7,17,'2018-10-30 05:46:28','2018-10-30 05:46:28'),(230,1,14,10,8,35,'2018-10-30 05:46:28','2018-10-30 05:46:28'),(231,1,14,10,9,26,'2018-10-30 05:46:28','2018-10-30 05:46:28'),(232,1,14,10,12,6,'2018-10-30 05:46:28','2018-10-30 05:46:28'),(233,1,2,9,7,20,'2018-10-30 05:46:38','2018-10-30 05:57:13'),(234,1,2,9,8,40,'2018-10-30 05:46:38','2018-10-30 05:57:13'),(235,1,2,9,9,15,'2018-10-30 05:46:38','2018-10-30 05:46:38'),(236,1,2,9,12,0,'2018-10-30 05:46:38','2018-10-30 05:57:13'),(237,1,12,7,7,10,'2018-10-30 05:46:55','2018-10-30 05:46:55'),(238,1,12,7,8,30,'2018-10-30 05:46:55','2018-10-30 05:46:55'),(239,1,12,7,9,20,'2018-10-30 05:46:55','2018-10-30 05:46:55'),(240,1,12,7,12,10,'2018-10-30 05:46:55','2018-10-30 05:46:55'),(241,1,13,16,7,12,'2018-10-30 05:47:04','2018-10-30 05:47:04'),(242,1,13,16,8,23,'2018-10-30 05:47:04','2018-10-30 05:47:04'),(243,1,13,16,9,25,'2018-10-30 05:47:04','2018-10-30 05:47:04'),(244,1,13,16,12,9,'2018-10-30 05:47:05','2018-10-30 05:47:05'),(245,1,10,14,7,15,'2018-10-30 05:47:42','2018-10-30 05:47:42'),(246,1,10,14,8,32,'2018-10-30 05:47:42','2018-10-30 05:47:42'),(247,1,10,14,9,22,'2018-10-30 05:47:42','2018-10-30 05:47:42'),(248,1,10,14,12,5,'2018-10-30 05:47:42','2018-10-30 05:47:42'),(249,1,14,11,7,18,'2018-10-30 05:47:43','2018-10-30 05:47:43'),(250,1,14,11,8,37,'2018-10-30 05:47:43','2018-10-30 05:47:43'),(251,1,14,11,9,27,'2018-10-30 05:47:43','2018-10-30 05:47:43'),(252,1,14,11,12,8,'2018-10-30 05:47:43','2018-10-30 05:47:43'),(253,1,11,6,7,14,'2018-10-30 05:47:48','2018-10-30 05:47:48'),(254,1,11,6,8,32,'2018-10-30 05:47:48','2018-10-30 05:47:48'),(255,1,11,6,9,23,'2018-10-30 05:47:48','2018-10-30 05:47:48'),(256,1,11,6,12,6,'2018-10-30 05:47:48','2018-10-30 05:47:48'),(257,1,9,14,7,20,'2018-10-30 05:48:28','2018-10-30 05:48:28'),(258,1,9,14,8,40,'2018-10-30 05:48:28','2018-10-30 05:48:28'),(259,1,9,14,9,28,'2018-10-30 05:48:28','2018-10-30 05:48:28'),(260,1,9,14,12,0,'2018-10-30 05:48:28','2018-10-30 05:48:28'),(261,1,12,8,7,20,'2018-10-30 05:48:30','2018-10-30 05:48:30'),(262,1,12,8,8,20,'2018-10-30 05:48:30','2018-10-30 05:48:30'),(263,1,12,8,9,20,'2018-10-30 05:48:30','2018-10-30 05:48:30'),(264,1,12,8,12,5,'2018-10-30 05:48:30','2018-10-30 05:48:30'),(265,1,13,17,7,10,'2018-10-30 05:48:46','2018-10-30 05:48:46'),(266,1,13,17,8,20,'2018-10-30 05:48:46','2018-10-30 05:48:46'),(267,1,13,17,9,20,'2018-10-30 05:48:46','2018-10-30 05:48:46'),(268,1,13,17,12,7,'2018-10-30 05:48:46','2018-10-30 05:48:46'),(269,1,14,12,7,18,'2018-10-30 05:49:05','2018-10-30 05:49:05'),(270,1,14,12,8,37,'2018-10-30 05:49:05','2018-10-30 05:49:05'),(271,1,14,12,9,26,'2018-10-30 05:49:05','2018-10-30 05:49:05'),(272,1,14,12,12,8,'2018-10-30 05:49:05','2018-10-30 05:49:05'),(273,1,9,13,7,20,'2018-10-30 05:49:08','2018-10-30 05:49:08'),(274,1,9,13,8,40,'2018-10-30 05:49:08','2018-10-30 05:49:08'),(275,1,9,13,9,30,'2018-10-30 05:49:08','2018-10-30 05:49:08'),(276,1,9,13,12,2,'2018-10-30 05:49:08','2018-10-30 05:49:08'),(277,1,11,7,7,12,'2018-10-30 05:49:11','2018-10-30 05:49:11'),(278,1,11,7,8,30,'2018-10-30 05:49:11','2018-10-30 05:49:11'),(279,1,11,7,9,23,'2018-10-30 05:49:11','2018-10-30 05:49:11'),(280,1,11,7,12,7,'2018-10-30 05:49:11','2018-10-30 05:49:11'),(281,4,2,3,3,15,'2018-10-30 05:49:31','2018-10-30 05:49:31'),(282,4,2,3,4,10,'2018-10-30 05:49:31','2018-10-30 05:49:31'),(283,4,2,3,5,10,'2018-10-30 05:49:31','2018-10-30 05:49:31'),(284,1,12,9,7,20,'2018-10-30 05:49:44','2018-10-30 05:49:44'),(285,1,12,9,8,20,'2018-10-30 05:49:44','2018-10-30 05:49:44'),(286,1,12,9,9,10,'2018-10-30 05:49:44','2018-10-30 05:49:44'),(287,1,12,9,12,10,'2018-10-30 05:49:44','2018-10-30 05:49:44'),(288,1,9,11,7,20,'2018-10-30 05:49:52','2018-10-30 05:49:52'),(289,1,9,11,8,40,'2018-10-30 05:49:52','2018-10-30 05:49:52'),(290,1,9,11,9,30,'2018-10-30 05:49:52','2018-10-30 05:49:52'),(291,1,9,11,12,1,'2018-10-30 05:49:52','2018-10-30 05:49:52'),(292,1,13,18,7,16,'2018-10-30 05:49:57','2018-10-30 05:49:57'),(293,1,13,18,8,23,'2018-10-30 05:49:57','2018-10-30 05:49:57'),(294,1,13,18,9,20,'2018-10-30 05:49:57','2018-10-30 05:49:57'),(295,1,13,18,12,8,'2018-10-30 05:49:57','2018-10-30 05:49:57'),(296,1,10,15,7,11,'2018-10-30 05:50:00','2018-10-30 05:50:00'),(297,1,10,15,8,30,'2018-10-30 05:50:00','2018-10-30 05:50:00'),(298,1,10,15,9,21,'2018-10-30 05:50:00','2018-10-30 05:50:00'),(299,1,10,15,12,6,'2018-10-30 05:50:00','2018-10-30 05:50:00'),(300,1,14,13,7,16,'2018-10-30 05:50:02','2018-10-30 05:50:02'),(301,1,14,13,8,34,'2018-10-30 05:50:02','2018-10-30 05:50:02'),(302,1,14,13,9,25,'2018-10-30 05:50:02','2018-10-30 05:50:02'),(303,1,14,13,12,6,'2018-10-30 05:50:02','2018-10-30 05:50:02'),(304,1,11,8,7,14,'2018-10-30 05:50:40','2018-10-30 05:50:40'),(305,1,11,8,8,30,'2018-10-30 05:50:40','2018-10-30 05:50:40'),(306,1,11,8,9,23,'2018-10-30 05:50:40','2018-10-30 05:50:40'),(307,1,11,8,12,7,'2018-10-30 05:50:40','2018-10-30 05:50:40'),(308,1,9,12,7,20,'2018-10-30 05:51:00','2018-10-30 05:51:00'),(309,1,9,12,8,40,'2018-10-30 05:51:00','2018-10-30 05:51:00'),(310,1,9,12,9,30,'2018-10-30 05:51:00','2018-10-30 05:51:00'),(311,1,9,12,12,4,'2018-10-30 05:51:00','2018-10-30 05:51:00'),(312,1,12,10,7,20,'2018-10-30 05:51:10','2018-10-30 05:51:10'),(313,1,12,10,8,25,'2018-10-30 05:51:10','2018-10-30 05:51:10'),(314,1,12,10,9,10,'2018-10-30 05:51:10','2018-10-30 05:51:10'),(315,1,12,10,12,10,'2018-10-30 05:51:10','2018-10-30 05:51:10'),(316,1,14,14,7,18,'2018-10-30 05:51:17','2018-10-30 05:51:17'),(317,1,14,14,8,36,'2018-10-30 05:51:17','2018-10-30 05:51:17'),(318,1,14,14,9,25,'2018-10-30 05:51:17','2018-10-30 05:51:17'),(319,1,14,14,12,7,'2018-10-30 05:51:17','2018-10-30 05:51:17'),(320,1,13,19,7,10,'2018-10-30 05:51:24','2018-10-30 05:51:24'),(321,1,13,19,8,20,'2018-10-30 05:51:24','2018-10-30 05:51:24'),(322,1,13,19,9,15,'2018-10-30 05:51:24','2018-10-30 05:51:24'),(323,1,13,19,12,3,'2018-10-30 05:51:24','2018-10-30 05:51:24'),(324,1,10,16,7,16,'2018-10-30 05:51:47','2018-10-30 05:51:47'),(325,1,10,16,8,37,'2018-10-30 05:51:47','2018-10-30 05:51:47'),(326,1,10,16,9,27,'2018-10-30 05:51:47','2018-10-30 05:51:47'),(327,1,10,16,12,7,'2018-10-30 05:51:47','2018-10-30 05:51:47'),(328,1,12,11,7,20,'2018-10-30 05:52:30','2018-10-30 05:52:30'),(329,1,12,11,8,30,'2018-10-30 05:52:30','2018-10-30 05:52:30'),(330,1,12,11,9,20,'2018-10-30 05:52:30','2018-10-30 05:52:30'),(331,1,12,11,12,10,'2018-10-30 05:52:30','2018-10-30 05:52:30'),(332,1,13,20,7,13,'2018-10-30 05:52:48','2018-10-30 05:52:48'),(333,1,13,20,8,22,'2018-10-30 05:52:48','2018-10-30 05:52:48'),(334,1,13,20,9,18,'2018-10-30 05:52:48','2018-10-30 05:52:48'),(335,1,13,20,12,8,'2018-10-30 05:52:48','2018-10-30 05:52:48'),(336,1,11,9,7,14,'2018-10-30 05:52:51','2018-10-30 05:52:51'),(337,1,11,9,8,30,'2018-10-30 05:52:51','2018-10-30 05:52:51'),(338,1,11,9,9,20,'2018-10-30 05:52:51','2018-10-30 05:52:51'),(339,1,11,9,12,6,'2018-10-30 05:52:51','2018-10-30 05:52:51'),(340,1,14,15,7,16,'2018-10-30 05:52:59','2018-10-30 05:52:59'),(341,1,14,15,8,35,'2018-10-30 05:52:59','2018-10-30 05:52:59'),(342,1,14,15,9,25,'2018-10-30 05:52:59','2018-10-30 05:52:59'),(343,1,14,15,12,6,'2018-10-30 05:52:59','2018-10-30 05:52:59'),(344,1,10,17,7,10,'2018-10-30 05:53:05','2018-10-30 05:53:05'),(345,1,10,17,8,32,'2018-10-30 05:53:05','2018-10-30 05:53:05'),(346,1,10,17,9,21,'2018-10-30 05:53:05','2018-10-30 05:53:05'),(347,1,10,17,12,4,'2018-10-30 05:53:05','2018-10-30 05:53:05'),(348,1,12,12,7,20,'2018-10-30 05:53:39','2018-10-30 05:53:39'),(349,1,12,12,8,30,'2018-10-30 05:53:39','2018-10-30 05:53:39'),(350,1,12,12,9,20,'2018-10-30 05:53:39','2018-10-30 05:53:39'),(351,1,12,12,12,5,'2018-10-30 05:53:39','2018-10-30 05:53:39'),(352,1,14,16,7,18,'2018-10-30 05:53:58','2018-10-30 05:53:58'),(353,1,14,16,8,38,'2018-10-30 05:53:58','2018-10-30 05:53:58'),(354,1,14,16,9,28,'2018-10-30 05:53:58','2018-10-30 05:53:58'),(355,1,14,16,12,8,'2018-10-30 05:53:58','2018-10-30 05:53:58'),(356,1,11,10,7,15,'2018-10-30 05:54:06','2018-10-30 05:54:06'),(357,1,11,10,8,37,'2018-10-30 05:54:06','2018-10-30 05:54:06'),(358,1,11,10,9,25,'2018-10-30 05:54:06','2018-10-30 05:54:06'),(359,1,11,10,12,7,'2018-10-30 05:54:06','2018-10-30 05:54:06'),(360,1,12,13,7,10,'2018-10-30 05:54:36','2018-10-30 05:54:36'),(361,1,12,13,8,10,'2018-10-30 05:54:36','2018-10-30 05:54:36'),(362,1,12,13,9,10,'2018-10-30 05:54:36','2018-10-30 05:54:36'),(363,1,12,13,12,10,'2018-10-30 05:54:36','2018-10-30 05:54:36'),(364,4,13,3,3,15,'2018-10-30 05:54:53','2018-10-30 05:54:53'),(365,4,13,3,4,5,'2018-10-30 05:54:53','2018-10-30 05:54:53'),(366,4,13,3,5,15,'2018-10-30 05:54:53','2018-10-30 05:54:53'),(367,1,10,18,7,12,'2018-10-30 05:55:00','2018-10-30 05:55:00'),(368,1,10,18,8,30,'2018-10-30 05:55:00','2018-10-30 05:55:00'),(369,1,10,18,9,22,'2018-10-30 05:55:00','2018-10-30 05:55:00'),(370,1,10,18,12,6,'2018-10-30 05:55:00','2018-10-30 05:55:00'),(371,1,14,17,7,16,'2018-10-30 05:55:04','2018-10-30 05:55:04'),(372,1,14,17,8,35,'2018-10-30 05:55:04','2018-10-30 05:55:04'),(373,1,14,17,9,25,'2018-10-30 05:55:04','2018-10-30 05:55:04'),(374,1,14,17,12,6,'2018-10-30 05:55:04','2018-10-30 05:55:04'),(375,1,12,14,7,20,'2018-10-30 05:55:19','2018-10-30 05:55:19'),(376,1,12,14,8,30,'2018-10-30 05:55:19','2018-10-30 05:55:19'),(377,1,12,14,9,20,'2018-10-30 05:55:19','2018-10-30 05:55:19'),(378,1,12,14,12,10,'2018-10-30 05:55:19','2018-10-30 05:55:19'),(379,1,11,11,7,18,'2018-10-30 05:55:31','2018-10-30 05:55:31'),(380,1,11,11,8,36,'2018-10-30 05:55:31','2018-10-30 05:55:31'),(381,1,11,11,9,25,'2018-10-30 05:55:31','2018-10-30 05:55:31'),(382,1,11,11,12,8,'2018-10-30 05:55:31','2018-10-30 05:55:31'),(383,4,13,2,3,30,'2018-10-30 05:55:41','2018-10-30 05:55:41'),(384,4,13,2,4,20,'2018-10-30 05:55:41','2018-10-30 05:55:41'),(385,4,13,2,5,30,'2018-10-30 05:55:41','2018-10-30 05:55:41'),(386,1,10,19,7,11,'2018-10-30 05:56:01','2018-10-30 05:56:01'),(387,1,10,19,8,30,'2018-10-30 05:56:01','2018-10-30 05:56:01'),(388,1,10,19,9,19,'2018-10-30 05:56:01','2018-10-30 05:56:01'),(389,1,10,19,12,4,'2018-10-30 05:56:01','2018-10-30 05:56:01'),(390,1,14,18,7,16,'2018-10-30 05:56:05','2018-10-30 05:56:05'),(391,1,14,18,8,34,'2018-10-30 05:56:05','2018-10-30 05:56:05'),(392,1,14,18,9,25,'2018-10-30 05:56:05','2018-10-30 05:56:05'),(393,1,14,18,12,6,'2018-10-30 05:56:05','2018-10-30 05:56:05'),(394,1,12,15,7,20,'2018-10-30 05:56:27','2018-10-30 05:56:27'),(395,1,12,15,8,20,'2018-10-30 05:56:27','2018-10-30 05:56:27'),(396,1,12,15,9,25,'2018-10-30 05:56:27','2018-10-30 05:56:27'),(397,1,12,15,12,10,'2018-10-30 05:56:27','2018-10-30 05:56:27'),(398,1,10,20,7,12,'2018-10-30 05:56:32','2018-10-30 05:56:32'),(399,1,10,20,8,31,'2018-10-30 05:56:32','2018-10-30 05:56:32'),(400,1,10,20,9,21,'2018-10-30 05:56:32','2018-10-30 05:56:32'),(401,1,10,20,12,6,'2018-10-30 05:56:32','2018-10-30 05:56:32'),(402,4,13,5,3,20,'2018-10-30 05:57:04','2018-10-30 05:57:04'),(403,4,13,5,4,10,'2018-10-30 05:57:04','2018-10-30 05:57:04'),(404,4,13,5,5,20,'2018-10-30 05:57:04','2018-10-30 05:57:04'),(405,1,12,16,7,20,'2018-10-30 05:57:30','2018-10-30 05:57:30'),(406,1,12,16,8,20,'2018-10-30 05:57:30','2018-10-30 05:57:30'),(407,1,12,16,9,30,'2018-10-30 05:57:30','2018-10-30 05:57:30'),(408,1,12,16,12,10,'2018-10-30 05:57:30','2018-10-30 05:57:30'),(409,1,14,19,7,16,'2018-10-30 05:57:47','2018-10-30 05:57:47'),(410,1,14,19,8,34,'2018-10-30 05:57:47','2018-10-30 05:57:47'),(411,1,14,19,9,25,'2018-10-30 05:57:47','2018-10-30 05:57:47'),(412,1,14,19,12,6,'2018-10-30 05:57:47','2018-10-30 05:57:47'),(413,1,2,10,7,20,'2018-10-30 05:57:48','2018-10-30 05:57:48'),(414,1,2,10,8,40,'2018-10-30 05:57:48','2018-10-30 05:57:48'),(415,1,2,10,9,30,'2018-10-30 05:57:48','2018-10-30 05:57:48'),(416,1,2,10,12,0,'2018-10-30 05:57:48','2018-10-30 05:57:48'),(417,1,2,11,7,20,'2018-10-30 05:58:20','2018-10-30 05:58:20'),(418,1,2,11,8,40,'2018-10-30 05:58:20','2018-10-30 05:58:20'),(419,1,2,11,9,22,'2018-10-30 05:58:20','2018-10-30 05:58:20'),(420,1,2,11,12,0,'2018-10-30 05:58:20','2018-10-30 05:58:20'),(421,1,11,12,7,16,'2018-10-30 05:58:31','2018-10-30 05:58:31'),(422,1,11,12,8,37,'2018-10-30 05:58:31','2018-10-30 05:58:31'),(423,1,11,12,9,26,'2018-10-30 05:58:31','2018-10-30 05:58:31'),(424,1,11,12,12,7,'2018-10-30 05:58:31','2018-10-30 05:58:31'),(425,1,14,20,7,16,'2018-10-30 05:58:41','2018-10-30 05:58:41'),(426,1,14,20,8,35,'2018-10-30 05:58:41','2018-10-30 05:58:41'),(427,1,14,20,9,25,'2018-10-30 05:58:41','2018-10-30 05:58:41'),(428,1,14,20,12,6,'2018-10-30 05:58:41','2018-10-30 05:58:41'),(429,1,2,12,7,20,'2018-10-30 05:58:59','2018-10-30 05:58:59'),(430,1,2,12,8,40,'2018-10-30 05:58:59','2018-10-30 05:58:59'),(431,1,2,12,9,30,'2018-10-30 05:58:59','2018-10-30 05:58:59'),(432,1,2,12,12,0,'2018-10-30 05:58:59','2018-10-30 05:58:59'),(433,1,12,17,7,10,'2018-10-30 05:59:11','2018-10-30 05:59:11'),(434,1,12,17,8,30,'2018-10-30 05:59:11','2018-10-30 05:59:11'),(435,1,12,17,9,20,'2018-10-30 05:59:11','2018-10-30 05:59:11'),(436,1,12,17,12,10,'2018-10-30 05:59:11','2018-10-30 05:59:11'),(437,1,2,13,7,20,'2018-10-30 05:59:30','2018-10-30 05:59:30'),(438,1,2,13,8,40,'2018-10-30 05:59:30','2018-10-30 05:59:30'),(439,1,2,13,9,9,'2018-10-30 05:59:30','2018-10-30 05:59:30'),(440,1,2,13,12,0,'2018-10-30 05:59:30','2018-10-30 05:59:30'),(441,4,13,6,3,20,'2018-10-30 05:59:33','2018-10-30 05:59:33'),(442,4,13,6,4,10,'2018-10-30 05:59:33','2018-10-30 05:59:33'),(443,4,13,6,5,20,'2018-10-30 05:59:33','2018-10-30 05:59:33'),(444,1,2,14,7,20,'2018-10-30 05:59:53','2018-10-30 05:59:53'),(445,1,2,14,8,40,'2018-10-30 05:59:53','2018-10-30 05:59:53'),(446,1,2,14,9,7,'2018-10-30 05:59:53','2018-10-30 05:59:53'),(447,1,2,14,12,0,'2018-10-30 05:59:53','2018-10-30 05:59:53'),(448,4,13,7,3,20,'2018-10-30 06:00:00','2018-10-30 06:00:00'),(449,4,13,7,4,5,'2018-10-30 06:00:00','2018-10-30 06:00:00'),(450,4,13,7,5,15,'2018-10-30 06:00:00','2018-10-30 06:00:00'),(451,1,11,13,7,17,'2018-10-30 06:00:09','2018-10-30 06:00:09'),(452,1,11,13,8,35,'2018-10-30 06:00:09','2018-10-30 06:00:09'),(453,1,11,13,9,26,'2018-10-30 06:00:09','2018-10-30 06:00:09'),(454,1,11,13,12,7,'2018-10-30 06:00:09','2018-10-30 06:00:09'),(455,1,2,15,7,20,'2018-10-30 06:00:21','2018-10-30 06:00:21'),(456,1,2,15,8,40,'2018-10-30 06:00:21','2018-10-30 06:00:21'),(457,1,2,15,9,5,'2018-10-30 06:00:21','2018-10-30 06:00:21'),(458,1,2,15,12,0,'2018-10-30 06:00:21','2018-10-30 06:00:21'),(459,4,14,3,3,35,'2018-10-30 06:00:35','2018-10-30 06:00:35'),(460,4,14,3,4,15,'2018-10-30 06:00:35','2018-10-30 06:00:35'),(461,4,14,3,5,35,'2018-10-30 06:00:35','2018-10-30 06:00:35'),(462,4,13,8,3,20,'2018-10-30 06:00:43','2018-10-30 06:00:43'),(463,4,13,8,4,5,'2018-10-30 06:00:43','2018-10-30 06:00:43'),(464,4,13,8,5,15,'2018-10-30 06:00:43','2018-10-30 06:00:43'),(465,1,2,16,7,20,'2018-10-30 06:00:43','2018-10-30 06:00:43'),(466,1,2,16,8,40,'2018-10-30 06:00:43','2018-10-30 06:00:43'),(467,1,2,16,9,30,'2018-10-30 06:00:43','2018-10-30 06:00:43'),(468,1,2,16,12,10,'2018-10-30 06:00:43','2018-10-30 06:00:43'),(469,1,11,14,7,16,'2018-10-30 06:01:04','2018-10-30 06:01:04'),(470,1,11,14,8,35,'2018-10-30 06:01:04','2018-10-30 06:01:04'),(471,1,11,14,9,24,'2018-10-30 06:01:04','2018-10-30 06:01:04'),(472,1,11,14,12,6,'2018-10-30 06:01:04','2018-10-30 06:01:04'),(473,1,12,18,7,10,'2018-10-30 06:01:07','2018-10-30 06:01:07'),(474,1,12,18,8,30,'2018-10-30 06:01:07','2018-10-30 06:01:07'),(475,1,12,18,9,15,'2018-10-30 06:01:07','2018-10-30 06:01:07'),(476,1,12,18,12,10,'2018-10-30 06:01:07','2018-10-30 06:01:07'),(477,1,2,17,7,20,'2018-10-30 06:01:08','2018-10-30 06:01:08'),(478,1,2,17,8,40,'2018-10-30 06:01:08','2018-10-30 06:01:08'),(479,1,2,17,9,0,'2018-10-30 06:01:08','2018-10-30 06:01:08'),(480,1,2,17,12,0,'2018-10-30 06:01:08','2018-10-30 06:01:08'),(481,4,14,2,3,37,'2018-10-30 06:01:19','2018-10-30 06:19:48'),(482,4,14,2,4,17,'2018-10-30 06:01:19','2018-10-30 06:19:48'),(483,4,14,2,5,37,'2018-10-30 06:01:19','2018-10-30 06:19:48'),(484,4,13,9,3,10,'2018-10-30 06:01:28','2018-10-30 06:01:28'),(485,4,13,9,4,10,'2018-10-30 06:01:28','2018-10-30 06:01:28'),(486,4,13,9,5,20,'2018-10-30 06:01:28','2018-10-30 06:01:28'),(487,1,2,18,7,20,'2018-10-30 06:01:30','2018-10-30 06:01:30'),(488,1,2,18,8,40,'2018-10-30 06:01:30','2018-10-30 06:01:30'),(489,1,2,18,9,10,'2018-10-30 06:01:30','2018-10-30 06:01:30'),(490,1,2,18,12,0,'2018-10-30 06:01:30','2018-10-30 06:01:30'),(491,1,2,19,7,20,'2018-10-30 06:01:52','2018-10-30 06:01:52'),(492,1,2,19,8,40,'2018-10-30 06:01:52','2018-10-30 06:01:52'),(493,1,2,19,9,4,'2018-10-30 06:01:52','2018-10-30 06:01:52'),(494,1,2,19,12,0,'2018-10-30 06:01:52','2018-10-30 06:01:52'),(495,1,12,19,7,10,'2018-10-30 06:01:55','2018-10-30 06:01:55'),(496,1,12,19,8,15,'2018-10-30 06:01:55','2018-10-30 06:01:55'),(497,1,12,19,9,15,'2018-10-30 06:01:55','2018-10-30 06:01:55'),(498,1,12,19,12,10,'2018-10-30 06:01:55','2018-10-30 06:01:55'),(499,4,14,5,3,36,'2018-10-30 06:01:56','2018-10-30 06:01:56'),(500,4,14,5,4,16,'2018-10-30 06:01:56','2018-10-30 06:01:56'),(501,4,14,5,5,35,'2018-10-30 06:01:56','2018-10-30 06:25:44'),(502,1,2,20,7,20,'2018-10-30 06:02:07','2018-10-30 06:02:07'),(503,1,2,20,8,40,'2018-10-30 06:02:07','2018-10-30 06:02:07'),(504,1,2,20,9,7,'2018-10-30 06:02:07','2018-10-30 06:02:07'),(505,1,2,20,12,0,'2018-10-30 06:02:07','2018-10-30 06:02:07'),(506,1,11,15,7,16,'2018-10-30 06:02:24','2018-10-30 06:02:24'),(507,1,11,15,8,35,'2018-10-30 06:02:24','2018-10-30 06:02:24'),(508,1,11,15,9,23,'2018-10-30 06:02:24','2018-10-30 06:02:24'),(509,1,11,15,12,6,'2018-10-30 06:02:24','2018-10-30 06:02:24'),(510,4,14,6,3,36,'2018-10-30 06:02:49','2018-10-30 06:02:49'),(511,4,14,6,4,16,'2018-10-30 06:02:49','2018-10-30 06:02:49'),(512,4,14,6,5,35,'2018-10-30 06:02:49','2018-10-30 06:25:56'),(513,4,13,10,3,10,'2018-10-30 06:02:59','2018-10-30 06:02:59'),(514,4,13,10,4,10,'2018-10-30 06:02:59','2018-10-30 06:02:59'),(515,4,13,10,5,15,'2018-10-30 06:02:59','2018-10-30 06:02:59'),(516,1,12,20,7,10,'2018-10-30 06:03:28','2018-10-30 06:03:28'),(517,1,12,20,8,15,'2018-10-30 06:03:28','2018-10-30 06:03:28'),(518,1,12,20,9,15,'2018-10-30 06:03:28','2018-10-30 06:03:28'),(519,1,12,20,12,10,'2018-10-30 06:03:28','2018-10-30 06:03:28'),(520,1,11,16,7,14,'2018-10-30 06:03:48','2018-10-30 06:03:48'),(521,1,11,16,8,33,'2018-10-30 06:03:48','2018-10-30 06:03:48'),(522,1,11,16,9,24,'2018-10-30 06:03:48','2018-10-30 06:03:48'),(523,1,11,16,12,6,'2018-10-30 06:03:48','2018-10-30 06:03:48'),(524,4,14,7,3,34,'2018-10-30 06:03:59','2018-10-30 06:03:59'),(525,4,14,7,4,14,'2018-10-30 06:03:59','2018-10-30 06:03:59'),(526,4,14,7,5,34,'2018-10-30 06:03:59','2018-10-30 06:03:59'),(527,4,13,11,3,25,'2018-10-30 06:04:10','2018-10-30 06:04:10'),(528,4,13,11,4,20,'2018-10-30 06:04:10','2018-10-30 06:04:10'),(529,4,13,11,5,35,'2018-10-30 06:04:10','2018-10-30 06:04:10'),(530,1,11,17,7,14,'2018-10-30 06:05:08','2018-10-30 06:05:08'),(531,1,11,17,8,33,'2018-10-30 06:05:08','2018-10-30 06:05:08'),(532,1,11,17,9,24,'2018-10-30 06:05:08','2018-10-30 06:05:08'),(533,1,11,17,12,6,'2018-10-30 06:05:08','2018-10-30 06:05:08'),(534,4,14,8,3,36,'2018-10-30 06:05:36','2018-10-30 06:21:21'),(535,4,14,8,4,17,'2018-10-30 06:05:36','2018-10-30 06:05:36'),(536,4,14,8,5,36,'2018-10-30 06:05:36','2018-10-30 06:21:21'),(537,4,13,12,3,30,'2018-10-30 06:05:54','2018-10-30 06:08:37'),(538,4,13,12,4,20,'2018-10-30 06:05:54','2018-10-30 06:05:54'),(539,4,13,12,5,35,'2018-10-30 06:05:54','2018-10-30 06:08:37'),(540,1,11,18,7,15,'2018-10-30 06:06:15','2018-10-30 06:06:15'),(541,1,11,18,8,34,'2018-10-30 06:06:15','2018-10-30 06:06:15'),(542,1,11,18,9,24,'2018-10-30 06:06:15','2018-10-30 06:06:15'),(543,1,11,18,12,6,'2018-10-30 06:06:15','2018-10-30 06:06:15'),(544,4,13,13,3,35,'2018-10-30 06:06:34','2018-10-30 06:06:34'),(545,4,13,13,4,20,'2018-10-30 06:06:34','2018-10-30 06:06:34'),(546,4,13,13,5,35,'2018-10-30 06:06:34','2018-10-30 06:06:34'),(547,4,14,9,3,36,'2018-10-30 06:06:54','2018-10-30 06:21:42'),(548,4,14,9,4,17,'2018-10-30 06:06:54','2018-10-30 06:06:54'),(549,4,14,9,5,36,'2018-10-30 06:06:54','2018-10-30 06:21:42'),(550,1,11,19,7,15,'2018-10-30 06:06:55','2018-10-30 06:06:55'),(551,1,11,19,8,32,'2018-10-30 06:06:55','2018-10-30 06:06:55'),(552,1,11,19,9,23,'2018-10-30 06:06:55','2018-10-30 06:06:55'),(553,1,11,19,12,6,'2018-10-30 06:06:55','2018-10-30 06:06:55'),(554,1,11,20,7,16,'2018-10-30 06:07:26','2018-10-30 06:07:26'),(555,1,11,20,8,34,'2018-10-30 06:07:26','2018-10-30 06:07:26'),(556,1,11,20,9,24,'2018-10-30 06:07:26','2018-10-30 06:07:26'),(557,1,11,20,12,7,'2018-10-30 06:07:26','2018-10-30 06:07:26'),(558,4,14,10,3,34,'2018-10-30 06:07:51','2018-10-30 06:07:51'),(559,4,14,10,4,14,'2018-10-30 06:07:51','2018-10-30 06:07:51'),(560,4,14,10,5,34,'2018-10-30 06:07:51','2018-10-30 06:07:51'),(561,4,13,14,3,10,'2018-10-30 06:07:55','2018-10-30 06:07:55'),(562,4,13,14,4,15,'2018-10-30 06:07:55','2018-10-30 06:07:55'),(563,4,13,14,5,25,'2018-10-30 06:07:55','2018-10-30 06:07:55'),(564,4,14,11,3,38,'2018-10-30 06:08:52','2018-10-30 06:08:52'),(565,4,14,11,4,17,'2018-10-30 06:08:52','2018-10-30 06:19:09'),(566,4,14,11,5,37,'2018-10-30 06:08:52','2018-10-30 06:19:09'),(567,4,14,12,3,37,'2018-10-30 06:09:21','2018-10-30 06:09:21'),(568,4,14,12,4,17,'2018-10-30 06:09:21','2018-10-30 06:20:28'),(569,4,14,12,5,37,'2018-10-30 06:09:21','2018-10-30 06:09:21'),(570,4,14,13,3,38,'2018-10-30 06:09:52','2018-10-30 06:09:52'),(571,4,14,13,4,18,'2018-10-30 06:09:52','2018-10-30 06:09:52'),(572,4,14,13,5,37,'2018-10-30 06:09:52','2018-10-30 06:17:36'),(573,4,13,15,3,25,'2018-10-30 06:09:57','2018-10-30 06:09:57'),(574,4,13,15,4,16,'2018-10-30 06:09:57','2018-10-30 06:09:57'),(575,4,13,15,5,20,'2018-10-30 06:09:57','2018-10-30 06:09:57'),(576,4,13,16,3,30,'2018-10-30 06:11:15','2018-10-30 06:11:15'),(577,4,13,16,4,20,'2018-10-30 06:11:15','2018-10-30 06:11:15'),(578,4,13,16,5,35,'2018-10-30 06:11:15','2018-10-30 06:11:15'),(579,4,14,14,3,36,'2018-10-30 06:11:39','2018-10-30 06:22:20'),(580,4,14,14,4,17,'2018-10-30 06:11:39','2018-10-30 06:11:39'),(581,4,14,14,5,36,'2018-10-30 06:11:39','2018-10-30 06:22:20'),(582,4,13,17,3,15,'2018-10-30 06:12:31','2018-10-30 06:12:31'),(583,4,13,17,4,15,'2018-10-30 06:12:31','2018-10-30 06:12:31'),(584,4,13,17,5,20,'2018-10-30 06:12:31','2018-10-30 06:12:31'),(585,4,14,15,3,35,'2018-10-30 06:12:35','2018-10-30 06:12:35'),(586,4,14,15,4,15,'2018-10-30 06:12:35','2018-10-30 06:12:35'),(587,4,14,15,5,35,'2018-10-30 06:12:35','2018-10-30 06:12:35'),(588,4,13,18,3,10,'2018-10-30 06:13:20','2018-10-30 06:13:20'),(589,4,13,18,4,15,'2018-10-30 06:13:20','2018-10-30 06:13:20'),(590,4,13,18,5,25,'2018-10-30 06:13:20','2018-10-30 06:13:58'),(591,4,14,16,3,38,'2018-10-30 06:13:32','2018-10-30 06:13:32'),(592,4,14,16,4,18,'2018-10-30 06:13:32','2018-10-30 06:13:32'),(593,4,14,16,5,38,'2018-10-30 06:13:32','2018-10-30 06:13:32'),(594,4,11,3,3,20,'2018-10-30 06:14:12','2018-10-30 06:14:12'),(595,4,11,3,4,10,'2018-10-30 06:14:12','2018-10-30 06:14:12'),(596,4,11,3,5,20,'2018-10-30 06:14:12','2018-10-30 06:14:12'),(597,4,13,19,3,25,'2018-10-30 06:14:31','2018-10-30 06:14:31'),(598,4,13,19,4,10,'2018-10-30 06:14:31','2018-10-30 06:14:31'),(599,4,13,19,5,25,'2018-10-30 06:14:31','2018-10-30 06:14:31'),(600,4,14,17,3,36,'2018-10-30 06:14:45','2018-10-30 06:23:09'),(601,4,14,17,4,16,'2018-10-30 06:14:45','2018-10-30 06:14:45'),(602,4,14,17,5,36,'2018-10-30 06:14:45','2018-10-30 06:23:09'),(603,4,11,2,3,38,'2018-10-30 06:14:51','2018-10-30 06:14:51'),(604,4,11,2,4,20,'2018-10-30 06:14:51','2018-10-30 06:14:51'),(605,4,11,2,5,35,'2018-10-30 06:14:51','2018-10-30 06:14:51'),(606,1,10,9,7,12,'2018-10-30 06:15:13','2018-10-30 06:15:13'),(607,1,10,9,8,30,'2018-10-30 06:15:13','2018-10-30 06:15:13'),(608,1,10,9,9,21,'2018-10-30 06:15:13','2018-10-30 06:15:13'),(609,1,10,9,12,5,'2018-10-30 06:15:13','2018-10-30 06:15:13'),(610,4,14,20,3,36,'2018-10-30 06:15:28','2018-10-30 06:15:28'),(611,4,14,20,4,16,'2018-10-30 06:15:28','2018-10-30 06:15:28'),(612,4,14,20,5,35,'2018-10-30 06:15:28','2018-10-30 06:23:43'),(613,4,12,3,3,5,'2018-10-30 06:15:43','2018-10-30 06:15:43'),(614,4,12,3,4,5,'2018-10-30 06:15:43','2018-10-30 06:15:43'),(615,4,12,3,5,5,'2018-10-30 06:15:43','2018-10-30 06:15:43'),(616,4,13,20,3,10,'2018-10-30 06:15:44','2018-10-30 06:15:44'),(617,4,13,20,4,10,'2018-10-30 06:15:44','2018-10-30 06:15:44'),(618,4,13,20,5,20,'2018-10-30 06:15:44','2018-10-30 06:15:44'),(619,4,14,19,3,36,'2018-10-30 06:16:02','2018-10-30 06:16:02'),(620,4,14,19,4,16,'2018-10-30 06:16:02','2018-10-30 06:16:02'),(621,4,14,19,5,35,'2018-10-30 06:16:02','2018-10-30 06:23:58'),(622,4,12,2,3,40,'2018-10-30 06:16:17','2018-10-30 06:16:17'),(623,4,12,2,4,15,'2018-10-30 06:16:17','2018-10-30 06:16:17'),(624,4,12,2,5,35,'2018-10-30 06:16:17','2018-10-30 06:16:17'),(625,4,14,18,3,36,'2018-10-30 06:16:39','2018-10-30 06:16:39'),(626,4,14,18,4,16,'2018-10-30 06:16:39','2018-10-30 06:16:39'),(627,4,14,18,5,35,'2018-10-30 06:16:39','2018-10-30 06:16:39'),(628,4,11,5,3,25,'2018-10-30 06:16:43','2018-10-30 06:16:43'),(629,4,11,5,4,12,'2018-10-30 06:16:43','2018-10-30 06:16:43'),(630,4,11,5,5,25,'2018-10-30 06:16:43','2018-10-30 06:16:43'),(631,4,12,5,3,10,'2018-10-30 06:16:50','2018-10-30 06:16:50'),(632,4,12,5,4,10,'2018-10-30 06:16:50','2018-10-30 06:16:50'),(633,4,12,5,5,20,'2018-10-30 06:16:50','2018-10-30 06:16:50'),(634,4,12,6,3,20,'2018-10-30 06:17:43','2018-10-30 06:17:43'),(635,4,12,6,4,10,'2018-10-30 06:17:43','2018-10-30 06:17:43'),(636,4,12,6,5,20,'2018-10-30 06:17:43','2018-10-30 06:17:43'),(637,4,12,7,3,10,'2018-10-30 06:18:13','2018-10-30 06:18:13'),(638,4,12,7,4,10,'2018-10-30 06:18:13','2018-10-30 06:18:13'),(639,4,12,7,5,10,'2018-10-30 06:18:13','2018-10-30 06:18:13'),(640,4,12,8,3,10,'2018-10-30 06:18:41','2018-10-30 06:18:41'),(641,4,12,8,4,10,'2018-10-30 06:18:41','2018-10-30 06:18:41'),(642,4,12,8,5,10,'2018-10-30 06:18:41','2018-10-30 06:18:41'),(643,4,12,9,3,20,'2018-10-30 06:19:10','2018-10-30 06:19:10'),(644,4,12,9,4,15,'2018-10-30 06:19:10','2018-10-30 06:19:10'),(645,4,12,9,5,15,'2018-10-30 06:19:10','2018-10-30 06:19:10'),(646,4,12,10,3,10,'2018-10-30 06:19:41','2018-10-30 06:19:41'),(647,4,12,10,4,10,'2018-10-30 06:19:41','2018-10-30 06:19:41'),(648,4,12,10,5,10,'2018-10-30 06:19:41','2018-10-30 06:19:41'),(649,4,12,11,3,35,'2018-10-30 06:20:29','2018-10-30 06:20:29'),(650,4,12,11,4,15,'2018-10-30 06:20:29','2018-10-30 06:20:29'),(651,4,12,11,5,30,'2018-10-30 06:20:29','2018-10-30 06:20:29'),(652,4,12,12,3,40,'2018-10-30 06:21:11','2018-10-30 06:21:11'),(653,4,12,12,4,20,'2018-10-30 06:21:11','2018-10-30 06:21:11'),(654,4,12,12,5,30,'2018-10-30 06:21:11','2018-10-30 06:21:11'),(655,4,12,13,3,35,'2018-10-30 06:21:54','2018-10-30 06:21:54'),(656,4,12,13,4,15,'2018-10-30 06:21:54','2018-10-30 06:21:54'),(657,4,12,13,5,25,'2018-10-30 06:21:54','2018-10-30 06:21:54'),(658,4,12,14,3,30,'2018-10-30 06:22:43','2018-10-30 06:22:43'),(659,4,12,14,4,15,'2018-10-30 06:22:43','2018-10-30 06:22:43'),(660,4,12,14,5,35,'2018-10-30 06:22:43','2018-10-30 06:22:43'),(661,4,12,15,3,10,'2018-10-30 06:23:17','2018-10-30 06:23:17'),(662,4,12,15,4,5,'2018-10-30 06:23:17','2018-10-30 06:23:17'),(663,4,12,15,5,10,'2018-10-30 06:23:17','2018-10-30 06:23:17'),(664,4,12,16,3,40,'2018-10-30 06:23:54','2018-10-30 06:23:54'),(665,4,12,16,4,15,'2018-10-30 06:23:54','2018-10-30 06:23:54'),(666,4,12,16,5,30,'2018-10-30 06:23:54','2018-10-30 06:23:54'),(667,4,12,17,3,20,'2018-10-30 06:24:42','2018-10-30 06:24:42'),(668,4,12,17,4,10,'2018-10-30 06:24:42','2018-10-30 06:24:42'),(669,4,12,17,5,20,'2018-10-30 06:24:42','2018-10-30 06:24:42'),(670,4,12,18,3,10,'2018-10-30 06:25:13','2018-10-30 06:25:13'),(671,4,12,18,4,5,'2018-10-30 06:25:13','2018-10-30 06:25:13'),(672,4,12,18,5,10,'2018-10-30 06:25:13','2018-10-30 06:25:13'),(673,4,12,19,3,30,'2018-10-30 06:25:46','2018-10-30 06:25:46'),(674,4,12,19,4,10,'2018-10-30 06:25:46','2018-10-30 06:25:46'),(675,4,12,19,5,30,'2018-10-30 06:25:46','2018-10-30 06:25:46'),(676,4,12,20,3,20,'2018-10-30 06:26:28','2018-10-30 06:26:28'),(677,4,12,20,4,10,'2018-10-30 06:26:28','2018-10-30 06:26:28'),(678,4,12,20,5,20,'2018-10-30 06:26:28','2018-10-30 06:26:28'),(679,3,13,3,13,12,'2018-10-30 06:32:56','2018-10-30 06:32:56'),(680,3,13,3,14,20,'2018-10-30 06:32:56','2018-10-30 06:32:56'),(681,3,13,3,15,20,'2018-10-30 06:32:56','2018-10-30 06:32:56'),(682,3,13,3,16,8,'2018-10-30 06:32:56','2018-10-30 06:32:56'),(683,3,13,2,13,12,'2018-10-30 06:34:15','2018-10-30 06:34:15'),(684,3,13,2,14,18,'2018-10-30 06:34:15','2018-10-30 06:34:15'),(685,3,13,2,15,20,'2018-10-30 06:34:15','2018-10-30 06:34:15'),(686,3,13,2,16,7,'2018-10-30 06:34:15','2018-10-30 06:34:15'),(687,3,13,5,13,15,'2018-10-30 06:35:20','2018-10-30 06:35:20'),(688,3,13,5,14,15,'2018-10-30 06:35:20','2018-10-30 06:35:20'),(689,3,13,5,15,12,'2018-10-30 06:35:20','2018-10-30 06:35:20'),(690,3,13,5,16,6,'2018-10-30 06:35:20','2018-10-30 06:35:20'),(691,3,13,6,13,10,'2018-10-30 06:36:08','2018-10-30 06:36:08'),(692,3,13,6,14,15,'2018-10-30 06:36:08','2018-10-30 06:36:08'),(693,3,13,6,15,10,'2018-10-30 06:36:08','2018-10-30 06:36:08'),(694,3,13,6,16,6,'2018-10-30 06:36:08','2018-10-30 06:36:08'),(695,3,14,3,13,17,'2018-10-30 06:36:09','2018-10-30 06:36:09'),(696,3,14,3,14,37,'2018-10-30 06:36:09','2018-10-30 06:36:09'),(697,3,14,3,15,27,'2018-10-30 06:36:09','2018-10-30 06:36:09'),(698,3,14,3,16,7,'2018-10-30 06:36:09','2018-10-30 06:36:09'),(699,3,13,7,13,10,'2018-10-30 06:37:40','2018-10-30 06:37:40'),(700,3,13,7,14,10,'2018-10-30 06:37:40','2018-10-30 06:37:40'),(701,3,13,7,15,10,'2018-10-30 06:37:40','2018-10-30 06:37:40'),(702,3,13,7,16,5,'2018-10-30 06:37:40','2018-10-30 06:37:40'),(703,3,13,8,13,10,'2018-10-30 06:40:12','2018-10-30 06:40:12'),(704,3,13,8,14,15,'2018-10-30 06:40:12','2018-10-30 06:40:12'),(705,3,13,8,15,10,'2018-10-30 06:40:12','2018-10-30 06:40:12'),(706,3,13,8,16,6,'2018-10-30 06:40:12','2018-10-30 06:40:12'),(707,3,13,9,13,10,'2018-10-30 06:40:46','2018-10-30 06:40:46'),(708,3,13,9,14,13,'2018-10-30 06:40:46','2018-10-30 06:40:46'),(709,3,13,9,15,15,'2018-10-30 06:40:46','2018-10-30 06:40:46'),(710,3,13,9,16,6,'2018-10-30 06:40:46','2018-10-30 06:40:46'),(711,3,13,10,13,10,'2018-10-30 06:41:32','2018-10-30 06:41:32'),(712,3,13,10,14,10,'2018-10-30 06:41:32','2018-10-30 06:41:32'),(713,3,13,10,15,10,'2018-10-30 06:41:32','2018-10-30 06:41:32'),(714,3,13,10,16,5,'2018-10-30 06:41:32','2018-10-30 06:41:32'),(715,3,14,2,13,18,'2018-10-30 06:41:48','2018-10-30 06:41:48'),(716,3,14,2,14,37,'2018-10-30 06:41:48','2018-10-30 06:41:48'),(717,3,14,2,15,27,'2018-10-30 06:41:48','2018-10-30 06:41:48'),(718,3,14,2,16,7,'2018-10-30 06:41:48','2018-10-30 06:41:48'),(719,3,13,11,13,16,'2018-10-30 06:42:13','2018-10-30 06:42:13'),(720,3,13,11,14,30,'2018-10-30 06:42:13','2018-10-30 06:42:13'),(721,3,13,11,15,25,'2018-10-30 06:42:13','2018-10-30 06:42:13'),(722,3,13,11,16,8,'2018-10-30 06:42:13','2018-10-30 06:42:13'),(723,3,13,12,13,12,'2018-10-30 06:42:48','2018-10-30 06:42:48'),(724,3,13,12,14,25,'2018-10-30 06:42:48','2018-10-30 06:42:48'),(725,3,13,12,15,23,'2018-10-30 06:42:48','2018-10-30 06:42:48'),(726,3,13,12,16,7,'2018-10-30 06:42:48','2018-10-30 06:42:48'),(727,3,14,5,13,16,'2018-10-30 06:43:10','2018-10-30 06:43:10'),(728,3,14,5,14,36,'2018-10-30 06:43:10','2018-10-30 06:43:10'),(729,3,14,5,15,26,'2018-10-30 06:43:10','2018-10-30 06:43:10'),(730,3,14,5,16,7,'2018-10-30 06:43:10','2018-10-30 06:43:10'),(731,3,13,13,13,10,'2018-10-30 06:43:58','2018-10-30 06:43:58'),(732,3,13,13,14,10,'2018-10-30 06:43:58','2018-10-30 06:43:58'),(733,3,13,13,15,10,'2018-10-30 06:43:58','2018-10-30 06:43:58'),(734,3,13,13,16,6,'2018-10-30 06:43:58','2018-10-30 06:43:58'),(735,3,14,6,13,16,'2018-10-30 06:44:07','2018-10-30 06:44:07'),(736,3,14,6,14,36,'2018-10-30 06:44:07','2018-10-30 06:44:07'),(737,3,14,6,15,26,'2018-10-30 06:44:07','2018-10-30 06:44:07'),(738,3,14,6,16,6,'2018-10-30 06:44:07','2018-10-30 06:44:07'),(739,3,13,14,13,12,'2018-10-30 06:44:28','2018-10-30 06:44:28'),(740,3,13,14,14,15,'2018-10-30 06:44:28','2018-10-30 06:44:28'),(741,3,13,14,15,15,'2018-10-30 06:44:28','2018-10-30 06:44:28'),(742,3,13,14,16,5,'2018-10-30 06:44:28','2018-10-30 06:44:28'),(743,3,14,7,13,16,'2018-10-30 06:44:46','2018-10-30 06:44:46'),(744,3,14,7,14,36,'2018-10-30 06:44:47','2018-10-30 06:44:47'),(745,3,14,7,15,26,'2018-10-30 06:44:47','2018-10-30 06:44:47'),(746,3,14,7,16,6,'2018-10-30 06:44:47','2018-10-30 06:44:47'),(747,3,13,15,13,10,'2018-10-30 06:45:03','2018-10-30 06:45:03'),(748,3,13,15,14,12,'2018-10-30 06:45:03','2018-10-30 06:45:03'),(749,3,13,15,15,10,'2018-10-30 06:45:03','2018-10-30 06:45:03'),(750,3,13,15,16,5,'2018-10-30 06:45:03','2018-10-30 06:45:03'),(751,3,14,8,13,17,'2018-10-30 06:45:24','2018-10-30 06:45:24'),(752,3,14,8,14,36,'2018-10-30 06:45:24','2018-10-30 06:45:24'),(753,3,14,8,15,26,'2018-10-30 06:45:24','2018-10-30 06:45:24'),(754,3,14,8,16,6,'2018-10-30 06:45:24','2018-10-30 06:45:24'),(755,3,13,16,13,13,'2018-10-30 06:45:33','2018-10-30 06:45:33'),(756,3,13,16,14,30,'2018-10-30 06:45:33','2018-10-30 06:45:33'),(757,3,13,16,15,20,'2018-10-30 06:45:33','2018-10-30 06:45:33'),(758,3,13,16,16,8,'2018-10-30 06:45:33','2018-10-30 06:45:33'),(759,3,14,9,13,17,'2018-10-30 06:45:59','2018-10-30 06:45:59'),(760,3,14,9,14,36,'2018-10-30 06:45:59','2018-10-30 06:45:59'),(761,3,14,9,15,26,'2018-10-30 06:45:59','2018-10-30 06:45:59'),(762,3,14,9,16,6,'2018-10-30 06:45:59','2018-10-30 06:45:59'),(763,3,13,17,13,10,'2018-10-30 06:46:00','2018-10-30 06:46:00'),(764,3,13,17,14,15,'2018-10-30 06:46:00','2018-10-30 06:46:00'),(765,3,13,17,15,12,'2018-10-30 06:46:00','2018-10-30 06:46:00'),(766,3,13,17,16,6,'2018-10-30 06:46:00','2018-10-30 06:46:00'),(767,3,13,18,13,10,'2018-10-30 06:46:22','2018-10-30 06:46:22'),(768,3,13,18,14,15,'2018-10-30 06:46:22','2018-10-30 06:46:22'),(769,3,13,18,15,15,'2018-10-30 06:46:22','2018-10-30 06:46:22'),(770,3,13,18,16,6,'2018-10-30 06:46:22','2018-10-30 06:46:22'),(771,3,14,10,13,16,'2018-10-30 06:46:37','2018-10-30 06:46:37'),(772,3,14,10,14,36,'2018-10-30 06:46:37','2018-10-30 06:46:37'),(773,3,14,10,15,26,'2018-10-30 06:46:37','2018-10-30 06:46:37'),(774,3,14,10,16,6,'2018-10-30 06:46:37','2018-10-30 06:46:37'),(775,3,13,19,13,10,'2018-10-30 06:46:42','2018-10-30 06:46:42'),(776,3,13,19,14,15,'2018-10-30 06:46:42','2018-10-30 06:46:42'),(777,3,13,19,15,10,'2018-10-30 06:46:42','2018-10-30 06:46:42'),(778,3,13,19,16,5,'2018-10-30 06:46:42','2018-10-30 06:46:42'),(779,3,13,20,13,13,'2018-10-30 06:47:08','2018-10-30 06:47:08'),(780,3,13,20,14,15,'2018-10-30 06:47:08','2018-10-30 06:47:08'),(781,3,13,20,15,15,'2018-10-30 06:47:08','2018-10-30 06:47:08'),(782,3,13,20,16,5,'2018-10-30 06:47:08','2018-10-30 06:47:08'),(783,3,14,11,13,18,'2018-10-30 06:47:19','2018-10-30 06:47:19'),(784,3,14,11,14,38,'2018-10-30 06:47:19','2018-10-30 06:47:19'),(785,3,14,11,15,28,'2018-10-30 06:47:19','2018-10-30 06:47:19'),(786,3,14,11,16,8,'2018-10-30 06:47:19','2018-10-30 06:47:19'),(787,3,14,12,13,18,'2018-10-30 06:48:11','2018-10-30 06:48:11'),(788,3,14,12,14,38,'2018-10-30 06:48:11','2018-10-30 06:48:11'),(789,3,14,12,15,28,'2018-10-30 06:48:11','2018-10-30 06:48:11'),(790,3,14,12,16,7,'2018-10-30 06:48:11','2018-10-30 06:48:11'),(791,3,14,13,13,17,'2018-10-30 06:48:55','2018-10-30 06:48:55'),(792,3,14,13,14,36,'2018-10-30 06:48:55','2018-10-30 06:48:55'),(793,3,14,13,15,26,'2018-10-30 06:48:55','2018-10-30 06:48:55'),(794,3,14,13,16,6,'2018-10-30 06:48:55','2018-10-30 06:48:55'),(795,3,14,14,13,17,'2018-10-30 06:49:36','2018-10-30 06:49:36'),(796,3,14,14,14,36,'2018-10-30 06:49:36','2018-10-30 06:49:36'),(797,3,14,14,15,26,'2018-10-30 06:49:36','2018-10-30 06:49:36'),(798,3,14,14,16,6,'2018-10-30 06:49:36','2018-10-30 06:49:36'),(799,3,14,15,13,17,'2018-10-30 06:50:24','2018-10-30 06:50:24'),(800,3,14,15,14,37,'2018-10-30 06:50:24','2018-10-30 06:50:24'),(801,3,14,15,15,26,'2018-10-30 06:50:24','2018-10-30 06:50:24'),(802,3,14,15,16,6,'2018-10-30 06:50:24','2018-10-30 06:50:24'),(803,3,14,16,13,17,'2018-10-30 06:51:32','2018-10-30 06:51:32'),(804,3,14,16,14,37,'2018-10-30 06:51:32','2018-10-30 06:51:32'),(805,3,14,16,15,27,'2018-10-30 06:51:32','2018-10-30 06:51:32'),(806,3,14,16,16,7,'2018-10-30 06:51:32','2018-10-30 06:51:32'),(807,3,14,17,13,17,'2018-10-30 06:52:22','2018-10-30 06:52:22'),(808,3,14,17,14,36,'2018-10-30 06:52:22','2018-10-30 06:52:22'),(809,3,14,17,15,26,'2018-10-30 06:52:22','2018-10-30 06:52:22'),(810,3,14,17,16,6,'2018-10-30 06:52:22','2018-10-30 06:52:22'),(811,3,14,18,13,16,'2018-10-30 06:53:10','2018-10-30 06:53:10'),(812,3,14,18,14,36,'2018-10-30 06:53:10','2018-10-30 06:53:10'),(813,3,14,18,15,26,'2018-10-30 06:53:10','2018-10-30 06:53:10'),(814,3,14,18,16,6,'2018-10-30 06:53:10','2018-10-30 06:53:10'),(815,3,14,20,13,16,'2018-10-30 06:53:44','2018-10-30 06:53:44'),(816,3,14,20,14,36,'2018-10-30 06:53:44','2018-10-30 06:53:44'),(817,3,14,20,15,26,'2018-10-30 06:53:44','2018-10-30 06:53:44'),(818,3,14,20,16,6,'2018-10-30 06:53:44','2018-10-30 06:53:44'),(819,3,14,19,13,17,'2018-10-30 06:54:13','2018-10-30 06:54:13'),(820,3,14,19,14,36,'2018-10-30 06:54:13','2018-10-30 06:54:13'),(821,3,14,19,15,26,'2018-10-30 06:54:13','2018-10-30 06:54:13'),(822,3,14,19,16,6,'2018-10-30 06:54:13','2018-10-30 06:54:13');
/*!40000 ALTER TABLE `category_judge_criteria_weights` ENABLE KEYS */;
UNLOCK TABLES;

--
-- Table structure for table `criteria`
--

DROP TABLE IF EXISTS `criteria`;
/*!40101 SET @saved_cs_client     = @@character_set_client */;
/*!40101 SET character_set_client = utf8 */;
CREATE TABLE `criteria` (
  `category_id` int(10) unsigned NOT NULL,
  `id` int(10) unsigned NOT NULL AUTO_INCREMENT,
  `name` varchar(191) COLLATE utf8mb4_unicode_ci NOT NULL,
  `weight` int(11) NOT NULL,
  `created_at` timestamp NULL DEFAULT NULL,
  `updated_at` timestamp NULL DEFAULT NULL,
  PRIMARY KEY (`id`),
  KEY `criteria_category_id_foreign` (`category_id`),
  CONSTRAINT `criteria_category_id_foreign` FOREIGN KEY (`category_id`) REFERENCES `categories` (`id`)
) ENGINE=InnoDB AUTO_INCREMENT=17 DEFAULT CHARSET=utf8mb4 COLLATE=utf8mb4_unicode_ci;
/*!40101 SET character_set_client = @saved_cs_client */;

--
-- Dumping data for table `criteria`
--

LOCK TABLES `criteria` WRITE;
/*!40000 ALTER TABLE `criteria` DISABLE KEYS */;
INSERT INTO `criteria` VALUES (4,3,'Relevance and Substance',40,'2018-10-26 06:23:17','2018-10-30 00:52:00'),(4,4,'Communication Skills',20,'2018-10-26 06:28:06','2018-10-28 22:29:51'),(4,5,'Manner and Answering the Question',40,'2018-10-26 06:28:23','2018-10-30 00:52:10'),(1,7,'Beauty of Face',20,'2018-10-26 19:49:25','2018-10-30 00:50:34'),(1,8,'Proportionality of Body Figure',40,'2018-10-26 19:57:01','2018-10-30 00:50:43'),(1,9,'Poise and Bearing',30,'2018-10-26 19:57:46','2018-10-30 00:50:51'),(1,12,'Overall Impression',10,'2018-10-27 18:43:47','2018-10-30 00:50:58'),(3,13,'Beauty of Face',20,'2018-10-27 18:56:50','2018-10-30 00:51:21'),(3,14,'Regal Bearing/Elegance',40,'2018-10-27 18:57:06','2018-10-30 00:51:27'),(3,15,'Poise and Carriage',30,'2018-10-27 18:57:22','2018-10-28 22:28:17'),(3,16,'Overall Impression',10,'2018-10-28 22:28:35','2018-10-30 00:51:43');
/*!40000 ALTER TABLE `criteria` ENABLE KEYS */;
UNLOCK TABLES;

--
-- Table structure for table `migrations`
--

DROP TABLE IF EXISTS `migrations`;
/*!40101 SET @saved_cs_client     = @@character_set_client */;
/*!40101 SET character_set_client = utf8 */;
CREATE TABLE `migrations` (
  `id` int(10) unsigned NOT NULL AUTO_INCREMENT,
  `migration` varchar(255) COLLATE utf8mb4_unicode_ci NOT NULL,
  `batch` int(11) NOT NULL,
  PRIMARY KEY (`id`)
) ENGINE=InnoDB AUTO_INCREMENT=12 DEFAULT CHARSET=utf8mb4 COLLATE=utf8mb4_unicode_ci;
/*!40101 SET character_set_client = @saved_cs_client */;

--
-- Dumping data for table `migrations`
--

LOCK TABLES `migrations` WRITE;
/*!40000 ALTER TABLE `migrations` DISABLE KEYS */;
INSERT INTO `migrations` VALUES (1,'2014_10_12_000000_create_users_table',1),(2,'2014_10_12_100000_create_password_resets_table',1),(3,'2018_08_31_033434_create_categories_table',2),(5,'2018_09_17_081624_create_criteria_table',3),(7,'2018_10_27_041312_create_candidates_table',4),(8,'2018_10_27_142313_add_column_passcode_to_users',5),(10,'2018_10_28_034242_create_category_judge_criteria_weights_table',6),(11,'2018_10_28_075545_add_column_candidate_number_to_candidates',7);
/*!40000 ALTER TABLE `migrations` ENABLE KEYS */;
UNLOCK TABLES;

--
-- Table structure for table `password_resets`
--

DROP TABLE IF EXISTS `password_resets`;
/*!40101 SET @saved_cs_client     = @@character_set_client */;
/*!40101 SET character_set_client = utf8 */;
CREATE TABLE `password_resets` (
  `email` varchar(255) COLLATE utf8mb4_unicode_ci NOT NULL,
  `token` varchar(255) COLLATE utf8mb4_unicode_ci NOT NULL,
  `created_at` timestamp NULL DEFAULT NULL,
  KEY `password_resets_email_index` (`email`)
) ENGINE=InnoDB DEFAULT CHARSET=utf8mb4 COLLATE=utf8mb4_unicode_ci;
/*!40101 SET character_set_client = @saved_cs_client */;

--
-- Dumping data for table `password_resets`
--

LOCK TABLES `password_resets` WRITE;
/*!40000 ALTER TABLE `password_resets` DISABLE KEYS */;
/*!40000 ALTER TABLE `password_resets` ENABLE KEYS */;
UNLOCK TABLES;

--
-- Table structure for table `users`
--

DROP TABLE IF EXISTS `users`;
/*!40101 SET @saved_cs_client     = @@character_set_client */;
/*!40101 SET character_set_client = utf8 */;
CREATE TABLE `users` (
  `id` int(10) unsigned NOT NULL AUTO_INCREMENT,
  `name` varchar(255) COLLATE utf8mb4_unicode_ci NOT NULL,
  `username` varchar(255) COLLATE utf8mb4_unicode_ci NOT NULL,
  `email` varchar(255) COLLATE utf8mb4_unicode_ci NOT NULL,
  `is_tabulator` tinyint(1) NOT NULL,
  `is_judge` tinyint(1) NOT NULL,
  `password` varchar(255) COLLATE utf8mb4_unicode_ci NOT NULL,
  `remember_token` varchar(100) COLLATE utf8mb4_unicode_ci DEFAULT NULL,
  `created_at` timestamp NULL DEFAULT NULL,
  `updated_at` timestamp NULL DEFAULT NULL,
  `passcode` varchar(191) COLLATE utf8mb4_unicode_ci NOT NULL,
  PRIMARY KEY (`id`),
  UNIQUE KEY `users_username_unique` (`username`),
  UNIQUE KEY `users_email_unique` (`email`)
) ENGINE=InnoDB AUTO_INCREMENT=15 DEFAULT CHARSET=utf8mb4 COLLATE=utf8mb4_unicode_ci;
/*!40101 SET character_set_client = @saved_cs_client */;

--
-- Dumping data for table `users`
--

LOCK TABLES `users` WRITE;
/*!40000 ALTER TABLE `users` DISABLE KEYS */;
INSERT INTO `users` VALUES (1,'admin','admin','jaypaulaying5@gmail.com',1,0,'$2y$10$AoEyfHOu9cz3bgEBz4zYQOdeMUtEmpA.5.rs7MLuRQ4HDqCaLt0Hq','5Jr5NHhFg2OqcDqTKLxVtWmHviISyJDwAvLlqhnlMX5xp5P6Fl6ZSplKagS9',NULL,NULL,''),(2,'Raclaire Stephan Trigo','rstrigo','harrypotter@gmail.com',0,1,'$2y$10$5Tm5MNCSsh4gRfBJsBReMu76v4J74YQYICV0QVqqKj8Q5jqbOabza','FNqNO1aypIwKpksKYXpgQ8Jq6CwOiYTv0rdfZz12nvNMLHrnCIGBYZoTM9Cp',NULL,'2018-10-30 01:45:29','trigo2018'),(9,'AR Dela Serna','ardserna','YrXdirTZdi0ijPmS@gmail.com',0,1,'$2y$10$AeFHj3UZ252roAVy/Q.V3eRE2zIXdXW9sW5zVZ8pm7.N1Ct/2940W','NAKLBgpdtcrO00Uwg7SJt3HaTXi2USu6aWJb1ctZuQQ8FV6JqAcYMNHv9CoE','2018-10-27 07:16:40','2018-10-30 01:47:20','serna2018'),(10,'Prince Argel Saycon','pasaycon','YokAJpVsnmV3CRVy@gmail.com',0,1,'$2y$10$QeOcTJM4Pc7Pv.up0rudHeTioaWgZwFQWNssVvqFPu16Guddk3.lu','Hvd16exF3QqozPMhy2KSTAJslilGNl5VpQIoqIij7IMkz7myPHG1agbg42Fr','2018-10-27 22:36:46','2018-10-30 01:48:26','saycon2018'),(11,'Carlos Fernando','ccfernando','ehGCNLeqt3sN4WgK@gmail.com',0,1,'$2y$10$B.Gr4AX5QcPxQXJ5w/wJWurvbea2PnGp4IsuS0inGguMStA2p.ckG','ZhcajrWTTNbyaXOkALJZgdmzSw1TgDgue3lfqUf7pNQ4X6KpYjN034SidqEK','2018-10-28 19:14:46','2018-10-30 01:53:04','fernando2018'),(12,'Jade Dane-Acapulco Bautista','jdabautista','pePcMyAAJ7rwXdNz@gmail.com',0,1,'$2y$10$0fbQLKkKbk1cOZcscdxS1ef5kuXH4rMMiUdw69BYl5h78Autk5siO','1ZX2TTh5TpiuNuISxdffN5hLIB7YpubgnidL1nkw91N4KWq8yDKSuCed9EWH','2018-10-28 19:15:15','2018-10-30 01:53:42','bautista2018'),(13,'Dandreb James Arro','djarro','0maRoFp0fQdMogO0@gmail.com',0,1,'$2y$10$dHOhQ/NGPmwQgEeDTsVD8OpGMalgndYxQgCepWVUud5NgM7s5l7yC','c05uTqfChXc1UfR6oV5BomAEdhxRaLaLXA10ZsIfYOEgFK0AtjfMLxgYCjJv','2018-10-28 19:15:33','2018-10-30 01:54:09','arro2018'),(14,'Pantaleon B. Cadao','pbcadao','lxnJhfmRASQloLiU@gmail.com',0,1,'$2y$10$hW8IjAE40kfnH5vHyXUJ4OZkoroZM65aJjo.rJTWSzyv3loHgp/5q','L2hDtGQkDHlf1foIuQDq21Tx5vrhbCrTodGly5ZdlR46uqIZhyBn9w2Xghf5','2018-10-28 19:15:56','2018-10-30 01:54:34','cadao2018');
/*!40000 ALTER TABLE `users` ENABLE KEYS */;
UNLOCK TABLES;
/*!40103 SET TIME_ZONE=@OLD_TIME_ZONE */;

/*!40101 SET SQL_MODE=@OLD_SQL_MODE */;
/*!40014 SET FOREIGN_KEY_CHECKS=@OLD_FOREIGN_KEY_CHECKS */;
/*!40014 SET UNIQUE_CHECKS=@OLD_UNIQUE_CHECKS */;
/*!40101 SET CHARACTER_SET_CLIENT=@OLD_CHARACTER_SET_CLIENT */;
/*!40101 SET CHARACTER_SET_RESULTS=@OLD_CHARACTER_SET_RESULTS */;
/*!40101 SET COLLATION_CONNECTION=@OLD_COLLATION_CONNECTION */;
/*!40111 SET SQL_NOTES=@OLD_SQL_NOTES */;

-- Dump completed on 2018-12-19  8:37:05
